Processing chunk for /oak:index/searchIndex ts=0
Found 331 changes
Processing path: /, node exists: true
createLuceneDocument returned null for path: /
Processing path: /var, node exists: true
createLuceneDocument returned null for path: /var
Processing path: /var/oak, node exists: true
createLuceneDocument returned null for path: /var/oak
Processing path: /var/oak/indexing, node exists: true
createLuceneDocument returned null for path: /var/oak/indexing
Processing path: /var/oak/indexing/progress, node exists: true
createLuceneDocument returned null for path: /var/oak/indexing/progress
Processing path: /var/oak/indexing/progress/indexes, node exists: true
createLuceneDocument returned null for path: /var/oak/indexing/progress/indexes
Processing path: /var/oak/indexing/progress/indexes/searchIndex, node exists: true
createLuceneDocument returned null for path: /var/oak/indexing/progress/indexes/searchIndex
Processing path: /var/oak/indexing/progress/indexes/searchIndex/stats, node exists: true
createLuceneDocument returned null for path: /var/oak/indexing/progress/indexes/searchIndex/stats
Processing path: /var/oak/indexing/progress/indexes/damAssetLucene13, node exists: true
createLuceneDocument returned null for path: /var/oak/indexing/progress/indexes/damAssetLucene13
Processing path: /var/oak/indexing/progress/indexes/damAssetLucene13/stats, node exists: true
createLuceneDocument returned null for path: /var/oak/indexing/progress/indexes/damAssetLucene13/stats
Processing path: /var/oak/indexing/progress/changeTracker, node exists: true
createLuceneDocument returned null for path: /var/oak/indexing/progress/changeTracker
Processing path: /jcr:system, node exists: true
createLuceneDocument returned null for path: /jcr:system
Processing path: /jcr:system/rep:namespaces, node exists: true
createLuceneDocument returned null for path: /jcr:system/rep:namespaces
Processing path: /jcr:system/rep:namespaces/rep:nsdata, node exists: true
createLuceneDocument returned null for path: /jcr:system/rep:namespaces/rep:nsdata
Processing path: /jcr:system/jcr:activities, node exists: true
createLuceneDocument returned null for path: /jcr:system/jcr:activities
Processing path: /jcr:system/jcr:versionStorage, node exists: true
createLuceneDocument returned null for path: /jcr:system/jcr:versionStorage
Processing path: /jcr:system/jcr:nodeTypes, node exists: true
createLuceneDocument returned null for path: /jcr:system/jcr:nodeTypes
Processing path: /jcr:system/jcr:nodeTypes/rep:Unstructured, node exists: true
createLuceneDocument returned null for path: /jcr:system/jcr:nodeTypes/rep:Unstructured
Processing path: /jcr:system/jcr:nodeTypes/rep:Unstructured/jcr:propertyDefinition[2], node exists: true
createLuceneDocument returned null for path: /jcr:system/jcr:nodeTypes/rep:Unstructured/jcr:propertyDefinition[2]
Processing path: /jcr:system/jcr:nodeTypes/rep:Unstructured/jcr:childNodeDefinition, node exists: true
createLuceneDocument returned null for path: /jcr:system/jcr:nodeTypes/rep:Unstructured/jcr:childNodeDefinition
Processing path: /jcr:system/jcr:nodeTypes/rep:Unstructured/jcr:propertyDefinition, node exists: true
createLuceneDocument returned null for path: /jcr:system/jcr:nodeTypes/rep:Unstructured/jcr:propertyDefinition
Processing path: /jcr:system/jcr:nodeTypes/mix:language, node exists: true
createLuceneDocument returned null for path: /jcr:system/jcr:nodeTypes/mix:language
Processing path: /jcr:system/jcr:nodeTypes/mix:language/jcr:propertyDefinition, node exists: true
createLuceneDocument returned null for path: /jcr:system/jcr:nodeTypes/mix:language/jcr:propertyDefinition
Processing path: /jcr:system/jcr:nodeTypes/mix:etag, node exists: true
createLuceneDocument returned null for path: /jcr:system/jcr:nodeTypes/mix:etag
Processing path: /jcr:system/jcr:nodeTypes/mix:etag/jcr:propertyDefinition, node exists: true
createLuceneDocument returned null for path: /jcr:system/jcr:nodeTypes/mix:etag/jcr:propertyDefinition
Processing path: /jcr:system/jcr:nodeTypes/mix:mimeType, node exists: true
createLuceneDocument returned null for path: /jcr:system/jcr:nodeTypes/mix:mimeType
Processing path: /jcr:system/jcr:nodeTypes/mix:mimeType/jcr:propertyDefinition[2], node exists: true
createLuceneDocument returned null for path: /jcr:system/jcr:nodeTypes/mix:mimeType/jcr:propertyDefinition[2]
Processing path: /jcr:system/jcr:nodeTypes/mix:mimeType/jcr:propertyDefinition, node exists: true
createLuceneDocument returned null for path: /jcr:system/jcr:nodeTypes/mix:mimeType/jcr:propertyDefinition
Processing path: /jcr:system/jcr:nodeTypes/oak:QueryIndexDefinition, node exists: true
createLuceneDocument returned null for path: /jcr:system/jcr:nodeTypes/oak:QueryIndexDefinition
Processing path: /jcr:system/jcr:nodeTypes/oak:QueryIndexDefinition/jcr:propertyDefinition[2], node exists: true
createLuceneDocument returned null for path: /jcr:system/jcr:nodeTypes/oak:QueryIndexDefinition/jcr:propertyDefinition[2]
Processing path: /jcr:system/jcr:nodeTypes/oak:QueryIndexDefinition/jcr:propertyDefinition[3], node exists: true
createLuceneDocument returned null for path: /jcr:system/jcr:nodeTypes/oak:QueryIndexDefinition/jcr:propertyDefinition[3]
Processing path: /jcr:system/jcr:nodeTypes/oak:QueryIndexDefinition/jcr:propertyDefinition, node exists: true
createLuceneDocument returned null for path: /jcr:system/jcr:nodeTypes/oak:QueryIndexDefinition/jcr:propertyDefinition
Processing path: /jcr:system/jcr:nodeTypes/rep:Members, node exists: true
createLuceneDocument returned null for path: /jcr:system/jcr:nodeTypes/rep:Members
Processing path: /jcr:system/jcr:nodeTypes/rep:Members/jcr:childNodeDefinition, node exists: true
createLuceneDocument returned null for path: /jcr:system/jcr:nodeTypes/rep:Members/jcr:childNodeDefinition
Processing path: /jcr:system/jcr:nodeTypes/rep:Members/jcr:propertyDefinition, node exists: true
createLuceneDocument returned null for path: /jcr:system/jcr:nodeTypes/rep:Members/jcr:propertyDefinition
Processing path: /jcr:system/jcr:nodeTypes/rep:Restrictions, node exists: true
createLuceneDocument returned null for path: /jcr:system/jcr:nodeTypes/rep:Restrictions
Processing path: /jcr:system/jcr:nodeTypes/rep:Restrictions/jcr:propertyDefinition[2], node exists: true
createLuceneDocument returned null for path: /jcr:system/jcr:nodeTypes/rep:Restrictions/jcr:propertyDefinition[2]
Processing path: /jcr:system/jcr:nodeTypes/rep:Restrictions/jcr:propertyDefinition, node exists: true
createLuceneDocument returned null for path: /jcr:system/jcr:nodeTypes/rep:Restrictions/jcr:propertyDefinition
Processing path: /jcr:system/jcr:nodeTypes/rep:SystemUser, node exists: true
createLuceneDocument returned null for path: /jcr:system/jcr:nodeTypes/rep:SystemUser
Processing path: /jcr:system/jcr:nodeTypes/nt:propertyDefinition, node exists: true
createLuceneDocument returned null for path: /jcr:system/jcr:nodeTypes/nt:propertyDefinition
Processing path: /jcr:system/jcr:nodeTypes/nt:propertyDefinition/jcr:propertyDefinition[4], node exists: true
createLuceneDocument returned null for path: /jcr:system/jcr:nodeTypes/nt:propertyDefinition/jcr:propertyDefinition[4]
Processing path: /jcr:system/jcr:nodeTypes/nt:propertyDefinition/jcr:propertyDefinition[5], node exists: true
createLuceneDocument returned null for path: /jcr:system/jcr:nodeTypes/nt:propertyDefinition/jcr:propertyDefinition[5]
Processing path: /jcr:system/jcr:nodeTypes/nt:propertyDefinition/jcr:propertyDefinition[6], node exists: true
createLuceneDocument returned null for path: /jcr:system/jcr:nodeTypes/nt:propertyDefinition/jcr:propertyDefinition[6]
Processing path: /jcr:system/jcr:nodeTypes/nt:propertyDefinition/jcr:propertyDefinition[12], node exists: true
createLuceneDocument returned null for path: /jcr:system/jcr:nodeTypes/nt:propertyDefinition/jcr:propertyDefinition[12]
Processing path: /jcr:system/jcr:nodeTypes/nt:propertyDefinition/jcr:propertyDefinition[7], node exists: true
createLuceneDocument returned null for path: /jcr:system/jcr:nodeTypes/nt:propertyDefinition/jcr:propertyDefinition[7]
Processing path: /jcr:system/jcr:nodeTypes/nt:propertyDefinition/jcr:propertyDefinition[11], node exists: true
createLuceneDocument returned null for path: /jcr:system/jcr:nodeTypes/nt:propertyDefinition/jcr:propertyDefinition[11]
Processing path: /jcr:system/jcr:nodeTypes/nt:propertyDefinition/jcr:propertyDefinition[10], node exists: true
createLuceneDocument returned null for path: /jcr:system/jcr:nodeTypes/nt:propertyDefinition/jcr:propertyDefinition[10]
Processing path: /jcr:system/jcr:nodeTypes/nt:propertyDefinition/jcr:propertyDefinition[2], node exists: true
createLuceneDocument returned null for path: /jcr:system/jcr:nodeTypes/nt:propertyDefinition/jcr:propertyDefinition[2]
Processing path: /jcr:system/jcr:nodeTypes/nt:propertyDefinition/jcr:propertyDefinition[3], node exists: true
createLuceneDocument returned null for path: /jcr:system/jcr:nodeTypes/nt:propertyDefinition/jcr:propertyDefinition[3]
Processing path: /jcr:system/jcr:nodeTypes/nt:propertyDefinition/jcr:propertyDefinition, node exists: true
createLuceneDocument returned null for path: /jcr:system/jcr:nodeTypes/nt:propertyDefinition/jcr:propertyDefinition
Processing path: /jcr:system/jcr:nodeTypes/nt:propertyDefinition/jcr:propertyDefinition[8], node exists: true
createLuceneDocument returned null for path: /jcr:system/jcr:nodeTypes/nt:propertyDefinition/jcr:propertyDefinition[8]
Processing path: /jcr:system/jcr:nodeTypes/nt:propertyDefinition/jcr:propertyDefinition[9], node exists: true
createLuceneDocument returned null for path: /jcr:system/jcr:nodeTypes/nt:propertyDefinition/jcr:propertyDefinition[9]
Processing path: /jcr:system/jcr:nodeTypes/rep:AccessControllable, node exists: true
createLuceneDocument returned null for path: /jcr:system/jcr:nodeTypes/rep:AccessControllable
Processing path: /jcr:system/jcr:nodeTypes/rep:AccessControllable/jcr:childNodeDefinition, node exists: true
createLuceneDocument returned null for path: /jcr:system/jcr:nodeTypes/rep:AccessControllable/jcr:childNodeDefinition
Processing path: /jcr:system/jcr:nodeTypes/rep:GrantACE, node exists: true
createLuceneDocument returned null for path: /jcr:system/jcr:nodeTypes/rep:GrantACE
Processing path: /jcr:system/jcr:nodeTypes/nt:activity, node exists: true
createLuceneDocument returned null for path: /jcr:system/jcr:nodeTypes/nt:activity
Processing path: /jcr:system/jcr:nodeTypes/nt:activity/jcr:propertyDefinition, node exists: true
createLuceneDocument returned null for path: /jcr:system/jcr:nodeTypes/nt:activity/jcr:propertyDefinition
Processing path: /jcr:system/jcr:nodeTypes/rep:MemberReferencesList, node exists: true
createLuceneDocument returned null for path: /jcr:system/jcr:nodeTypes/rep:MemberReferencesList
Processing path: /jcr:system/jcr:nodeTypes/rep:MemberReferencesList/jcr:childNodeDefinition, node exists: true
createLuceneDocument returned null for path: /jcr:system/jcr:nodeTypes/rep:MemberReferencesList/jcr:childNodeDefinition
Processing path: /jcr:system/jcr:nodeTypes/rep:VersionReference, node exists: true
createLuceneDocument returned null for path: /jcr:system/jcr:nodeTypes/rep:VersionReference
Processing path: /jcr:system/jcr:nodeTypes/rep:VersionReference/jcr:propertyDefinition, node exists: true
createLuceneDocument returned null for path: /jcr:system/jcr:nodeTypes/rep:VersionReference/jcr:propertyDefinition
Processing path: /jcr:system/jcr:nodeTypes/nt:childNodeDefinition, node exists: true
createLuceneDocument returned null for path: /jcr:system/jcr:nodeTypes/nt:childNodeDefinition
Processing path: /jcr:system/jcr:nodeTypes/nt:childNodeDefinition/jcr:propertyDefinition[4], node exists: true
createLuceneDocument returned null for path: /jcr:system/jcr:nodeTypes/nt:childNodeDefinition/jcr:propertyDefinition[4]
Processing path: /jcr:system/jcr:nodeTypes/nt:childNodeDefinition/jcr:propertyDefinition[5], node exists: true
createLuceneDocument returned null for path: /jcr:system/jcr:nodeTypes/nt:childNodeDefinition/jcr:propertyDefinition[5]
Processing path: /jcr:system/jcr:nodeTypes/nt:childNodeDefinition/jcr:propertyDefinition[6], node exists: true
createLuceneDocument returned null for path: /jcr:system/jcr:nodeTypes/nt:childNodeDefinition/jcr:propertyDefinition[6]
Processing path: /jcr:system/jcr:nodeTypes/nt:childNodeDefinition/jcr:propertyDefinition[7], node exists: true
createLuceneDocument returned null for path: /jcr:system/jcr:nodeTypes/nt:childNodeDefinition/jcr:propertyDefinition[7]
Processing path: /jcr:system/jcr:nodeTypes/nt:childNodeDefinition/jcr:propertyDefinition[2], node exists: true
createLuceneDocument returned null for path: /jcr:system/jcr:nodeTypes/nt:childNodeDefinition/jcr:propertyDefinition[2]
Processing path: /jcr:system/jcr:nodeTypes/nt:childNodeDefinition/jcr:propertyDefinition[3], node exists: true
createLuceneDocument returned null for path: /jcr:system/jcr:nodeTypes/nt:childNodeDefinition/jcr:propertyDefinition[3]
Processing path: /jcr:system/jcr:nodeTypes/nt:childNodeDefinition/jcr:propertyDefinition, node exists: true
createLuceneDocument returned null for path: /jcr:system/jcr:nodeTypes/nt:childNodeDefinition/jcr:propertyDefinition
Processing path: /jcr:system/jcr:nodeTypes/nt:childNodeDefinition/jcr:propertyDefinition[8], node exists: true
createLuceneDocument returned null for path: /jcr:system/jcr:nodeTypes/nt:childNodeDefinition/jcr:propertyDefinition[8]
Processing path: /jcr:system/jcr:nodeTypes/rep:Authorizable, node exists: true
createLuceneDocument returned null for path: /jcr:system/jcr:nodeTypes/rep:Authorizable
Processing path: /jcr:system/jcr:nodeTypes/rep:Authorizable/jcr:propertyDefinition[4], node exists: true
createLuceneDocument returned null for path: /jcr:system/jcr:nodeTypes/rep:Authorizable/jcr:propertyDefinition[4]
Processing path: /jcr:system/jcr:nodeTypes/rep:Authorizable/jcr:propertyDefinition[2], node exists: true
createLuceneDocument returned null for path: /jcr:system/jcr:nodeTypes/rep:Authorizable/jcr:propertyDefinition[2]
Processing path: /jcr:system/jcr:nodeTypes/rep:Authorizable/jcr:propertyDefinition[3], node exists: true
createLuceneDocument returned null for path: /jcr:system/jcr:nodeTypes/rep:Authorizable/jcr:propertyDefinition[3]
Processing path: /jcr:system/jcr:nodeTypes/rep:Authorizable/jcr:childNodeDefinition, node exists: true
createLuceneDocument returned null for path: /jcr:system/jcr:nodeTypes/rep:Authorizable/jcr:childNodeDefinition
Processing path: /jcr:system/jcr:nodeTypes/rep:Authorizable/jcr:propertyDefinition, node exists: true
createLuceneDocument returned null for path: /jcr:system/jcr:nodeTypes/rep:Authorizable/jcr:propertyDefinition
Processing path: /jcr:system/jcr:nodeTypes/rep:PropertyDefinitions, node exists: true
createLuceneDocument returned null for path: /jcr:system/jcr:nodeTypes/rep:PropertyDefinitions
Processing path: /jcr:system/jcr:nodeTypes/rep:PropertyDefinitions/jcr:childNodeDefinition, node exists: true
createLuceneDocument returned null for path: /jcr:system/jcr:nodeTypes/rep:PropertyDefinitions/jcr:childNodeDefinition
Processing path: /jcr:system/jcr:nodeTypes/rep:ACE, node exists: true
createLuceneDocument returned null for path: /jcr:system/jcr:nodeTypes/rep:ACE
Processing path: /jcr:system/jcr:nodeTypes/rep:ACE/jcr:propertyDefinition[4], node exists: true
createLuceneDocument returned null for path: /jcr:system/jcr:nodeTypes/rep:ACE/jcr:propertyDefinition[4]
Processing path: /jcr:system/jcr:nodeTypes/rep:ACE/jcr:propertyDefinition[5], node exists: true
createLuceneDocument returned null for path: /jcr:system/jcr:nodeTypes/rep:ACE/jcr:propertyDefinition[5]
Processing path: /jcr:system/jcr:nodeTypes/rep:ACE/jcr:propertyDefinition[2], node exists: true
createLuceneDocument returned null for path: /jcr:system/jcr:nodeTypes/rep:ACE/jcr:propertyDefinition[2]
Processing path: /jcr:system/jcr:nodeTypes/rep:ACE/jcr:propertyDefinition[3], node exists: true
createLuceneDocument returned null for path: /jcr:system/jcr:nodeTypes/rep:ACE/jcr:propertyDefinition[3]
Processing path: /jcr:system/jcr:nodeTypes/rep:ACE/jcr:childNodeDefinition, node exists: true
createLuceneDocument returned null for path: /jcr:system/jcr:nodeTypes/rep:ACE/jcr:childNodeDefinition
Processing path: /jcr:system/jcr:nodeTypes/rep:ACE/jcr:propertyDefinition, node exists: true
createLuceneDocument returned null for path: /jcr:system/jcr:nodeTypes/rep:ACE/jcr:propertyDefinition
Processing path: /jcr:system/jcr:nodeTypes/rep:Password, node exists: true
createLuceneDocument returned null for path: /jcr:system/jcr:nodeTypes/rep:Password
Processing path: /jcr:system/jcr:nodeTypes/rep:Password/jcr:propertyDefinition[2], node exists: true
createLuceneDocument returned null for path: /jcr:system/jcr:nodeTypes/rep:Password/jcr:propertyDefinition[2]
Processing path: /jcr:system/jcr:nodeTypes/rep:Password/jcr:propertyDefinition, node exists: true
createLuceneDocument returned null for path: /jcr:system/jcr:nodeTypes/rep:Password/jcr:propertyDefinition
Processing path: /jcr:system/jcr:nodeTypes/rep:Cache, node exists: true
createLuceneDocument returned null for path: /jcr:system/jcr:nodeTypes/rep:Cache
Processing path: /jcr:system/jcr:nodeTypes/rep:Cache/jcr:propertyDefinition, node exists: true
createLuceneDocument returned null for path: /jcr:system/jcr:nodeTypes/rep:Cache/jcr:propertyDefinition
Processing path: /jcr:system/jcr:nodeTypes/rep:ChildNodeDefinition, node exists: true
createLuceneDocument returned null for path: /jcr:system/jcr:nodeTypes/rep:ChildNodeDefinition
Processing path: /jcr:system/jcr:nodeTypes/rep:ChildNodeDefinition/jcr:propertyDefinition, node exists: true
createLuceneDocument returned null for path: /jcr:system/jcr:nodeTypes/rep:ChildNodeDefinition/jcr:propertyDefinition
Processing path: /jcr:system/jcr:nodeTypes/rep:ACL, node exists: true
createLuceneDocument returned null for path: /jcr:system/jcr:nodeTypes/rep:ACL
Processing path: /jcr:system/jcr:nodeTypes/rep:ACL/jcr:childNodeDefinition, node exists: true
createLuceneDocument returned null for path: /jcr:system/jcr:nodeTypes/rep:ACL/jcr:childNodeDefinition
Processing path: /jcr:system/jcr:nodeTypes/rep:VersionablePaths, node exists: true
createLuceneDocument returned null for path: /jcr:system/jcr:nodeTypes/rep:VersionablePaths
Processing path: /jcr:system/jcr:nodeTypes/rep:VersionablePaths/jcr:propertyDefinition, node exists: true
createLuceneDocument returned null for path: /jcr:system/jcr:nodeTypes/rep:VersionablePaths/jcr:propertyDefinition
Processing path: /jcr:system/jcr:nodeTypes/nt:unstructured, node exists: true
createLuceneDocument returned null for path: /jcr:system/jcr:nodeTypes/nt:unstructured
Processing path: /jcr:system/jcr:nodeTypes/nt:unstructured/jcr:propertyDefinition[2], node exists: true
createLuceneDocument returned null for path: /jcr:system/jcr:nodeTypes/nt:unstructured/jcr:propertyDefinition[2]
Processing path: /jcr:system/jcr:nodeTypes/nt:unstructured/jcr:childNodeDefinition, node exists: true
createLuceneDocument returned null for path: /jcr:system/jcr:nodeTypes/nt:unstructured/jcr:childNodeDefinition
Processing path: /jcr:system/jcr:nodeTypes/nt:unstructured/jcr:propertyDefinition, node exists: true
createLuceneDocument returned null for path: /jcr:system/jcr:nodeTypes/nt:unstructured/jcr:propertyDefinition
Processing path: /jcr:system/jcr:nodeTypes/mix:created, node exists: true
createLuceneDocument returned null for path: /jcr:system/jcr:nodeTypes/mix:created
Processing path: /jcr:system/jcr:nodeTypes/mix:created/jcr:propertyDefinition[2], node exists: true
createLuceneDocument returned null for path: /jcr:system/jcr:nodeTypes/mix:created/jcr:propertyDefinition[2]
Processing path: /jcr:system/jcr:nodeTypes/mix:created/jcr:propertyDefinition, node exists: true
createLuceneDocument returned null for path: /jcr:system/jcr:nodeTypes/mix:created/jcr:propertyDefinition
Processing path: /jcr:system/jcr:nodeTypes/mix:shareable, node exists: true
createLuceneDocument returned null for path: /jcr:system/jcr:nodeTypes/mix:shareable
Processing path: /jcr:system/jcr:nodeTypes/nt:version, node exists: true
createLuceneDocument returned null for path: /jcr:system/jcr:nodeTypes/nt:version
Processing path: /jcr:system/jcr:nodeTypes/nt:version/jcr:propertyDefinition[4], node exists: true
createLuceneDocument returned null for path: /jcr:system/jcr:nodeTypes/nt:version/jcr:propertyDefinition[4]
Processing path: /jcr:system/jcr:nodeTypes/nt:version/jcr:propertyDefinition[2], node exists: true
createLuceneDocument returned null for path: /jcr:system/jcr:nodeTypes/nt:version/jcr:propertyDefinition[2]
Processing path: /jcr:system/jcr:nodeTypes/nt:version/jcr:propertyDefinition[3], node exists: true
createLuceneDocument returned null for path: /jcr:system/jcr:nodeTypes/nt:version/jcr:propertyDefinition[3]
Processing path: /jcr:system/jcr:nodeTypes/nt:version/jcr:childNodeDefinition, node exists: true
createLuceneDocument returned null for path: /jcr:system/jcr:nodeTypes/nt:version/jcr:childNodeDefinition
Processing path: /jcr:system/jcr:nodeTypes/nt:version/jcr:propertyDefinition, node exists: true
createLuceneDocument returned null for path: /jcr:system/jcr:nodeTypes/nt:version/jcr:propertyDefinition
Processing path: /jcr:system/jcr:nodeTypes/rep:RepoAccessControllable, node exists: true
createLuceneDocument returned null for path: /jcr:system/jcr:nodeTypes/rep:RepoAccessControllable
Processing path: /jcr:system/jcr:nodeTypes/rep:RepoAccessControllable/jcr:childNodeDefinition, node exists: true
createLuceneDocument returned null for path: /jcr:system/jcr:nodeTypes/rep:RepoAccessControllable/jcr:childNodeDefinition
Processing path: /jcr:system/jcr:nodeTypes/rep:AuthorizableFolder, node exists: true
createLuceneDocument returned null for path: /jcr:system/jcr:nodeTypes/rep:AuthorizableFolder
Processing path: /jcr:system/jcr:nodeTypes/rep:AuthorizableFolder/jcr:childNodeDefinition, node exists: true
createLuceneDocument returned null for path: /jcr:system/jcr:nodeTypes/rep:AuthorizableFolder/jcr:childNodeDefinition
Processing path: /jcr:system/jcr:nodeTypes/rep:AuthorizableFolder/jcr:childNodeDefinition[2], node exists: true
createLuceneDocument returned null for path: /jcr:system/jcr:nodeTypes/rep:AuthorizableFolder/jcr:childNodeDefinition[2]
Processing path: /jcr:system/jcr:nodeTypes/dam:Asset, node exists: true
createLuceneDocument returned null for path: /jcr:system/jcr:nodeTypes/dam:Asset
Processing path: /jcr:system/jcr:nodeTypes/dam:Asset/jcr:propertyDefinition[2], node exists: true
createLuceneDocument returned null for path: /jcr:system/jcr:nodeTypes/dam:Asset/jcr:propertyDefinition[2]
Processing path: /jcr:system/jcr:nodeTypes/dam:Asset/jcr:childNodeDefinition, node exists: true
createLuceneDocument returned null for path: /jcr:system/jcr:nodeTypes/dam:Asset/jcr:childNodeDefinition
Processing path: /jcr:system/jcr:nodeTypes/dam:Asset/jcr:propertyDefinition, node exists: true
createLuceneDocument returned null for path: /jcr:system/jcr:nodeTypes/dam:Asset/jcr:propertyDefinition
Processing path: /jcr:system/jcr:nodeTypes/dam:Asset/jcr:childNodeDefinition[2], node exists: true
createLuceneDocument returned null for path: /jcr:system/jcr:nodeTypes/dam:Asset/jcr:childNodeDefinition[2]
Processing path: /jcr:system/jcr:nodeTypes/mix:versionable, node exists: true
createLuceneDocument returned null for path: /jcr:system/jcr:nodeTypes/mix:versionable
Processing path: /jcr:system/jcr:nodeTypes/mix:versionable/jcr:propertyDefinition[4], node exists: true
createLuceneDocument returned null for path: /jcr:system/jcr:nodeTypes/mix:versionable/jcr:propertyDefinition[4]
Processing path: /jcr:system/jcr:nodeTypes/mix:versionable/jcr:propertyDefinition[5], node exists: true
createLuceneDocument returned null for path: /jcr:system/jcr:nodeTypes/mix:versionable/jcr:propertyDefinition[5]
Processing path: /jcr:system/jcr:nodeTypes/mix:versionable/jcr:propertyDefinition[6], node exists: true
createLuceneDocument returned null for path: /jcr:system/jcr:nodeTypes/mix:versionable/jcr:propertyDefinition[6]
Processing path: /jcr:system/jcr:nodeTypes/mix:versionable/jcr:propertyDefinition[2], node exists: true
createLuceneDocument returned null for path: /jcr:system/jcr:nodeTypes/mix:versionable/jcr:propertyDefinition[2]
Processing path: /jcr:system/jcr:nodeTypes/mix:versionable/jcr:propertyDefinition[3], node exists: true
createLuceneDocument returned null for path: /jcr:system/jcr:nodeTypes/mix:versionable/jcr:propertyDefinition[3]
Processing path: /jcr:system/jcr:nodeTypes/mix:versionable/jcr:propertyDefinition, node exists: true
createLuceneDocument returned null for path: /jcr:system/jcr:nodeTypes/mix:versionable/jcr:propertyDefinition
Processing path: /jcr:system/jcr:nodeTypes/rep:UnstructuredProtected, node exists: true
createLuceneDocument returned null for path: /jcr:system/jcr:nodeTypes/rep:UnstructuredProtected
Processing path: /jcr:system/jcr:nodeTypes/rep:UnstructuredProtected/jcr:propertyDefinition[2], node exists: true
createLuceneDocument returned null for path: /jcr:system/jcr:nodeTypes/rep:UnstructuredProtected/jcr:propertyDefinition[2]
Processing path: /jcr:system/jcr:nodeTypes/rep:UnstructuredProtected/jcr:childNodeDefinition, node exists: true
createLuceneDocument returned null for path: /jcr:system/jcr:nodeTypes/rep:UnstructuredProtected/jcr:childNodeDefinition
Processing path: /jcr:system/jcr:nodeTypes/rep:UnstructuredProtected/jcr:propertyDefinition, node exists: true
createLuceneDocument returned null for path: /jcr:system/jcr:nodeTypes/rep:UnstructuredProtected/jcr:propertyDefinition
Processing path: /jcr:system/jcr:nodeTypes/mix:referenceable, node exists: true
createLuceneDocument returned null for path: /jcr:system/jcr:nodeTypes/mix:referenceable
Processing path: /jcr:system/jcr:nodeTypes/mix:referenceable/jcr:propertyDefinition, node exists: true
createLuceneDocument returned null for path: /jcr:system/jcr:nodeTypes/mix:referenceable/jcr:propertyDefinition
Processing path: /jcr:system/jcr:nodeTypes/mix:lifecycle, node exists: true
createLuceneDocument returned null for path: /jcr:system/jcr:nodeTypes/mix:lifecycle
Processing path: /jcr:system/jcr:nodeTypes/mix:lifecycle/jcr:propertyDefinition[2], node exists: true
createLuceneDocument returned null for path: /jcr:system/jcr:nodeTypes/mix:lifecycle/jcr:propertyDefinition[2]
Processing path: /jcr:system/jcr:nodeTypes/mix:lifecycle/jcr:propertyDefinition, node exists: true
createLuceneDocument returned null for path: /jcr:system/jcr:nodeTypes/mix:lifecycle/jcr:propertyDefinition
Processing path: /jcr:system/jcr:nodeTypes/nt:frozenNode, node exists: true
createLuceneDocument returned null for path: /jcr:system/jcr:nodeTypes/nt:frozenNode
Processing path: /jcr:system/jcr:nodeTypes/nt:frozenNode/jcr:propertyDefinition[4], node exists: true
createLuceneDocument returned null for path: /jcr:system/jcr:nodeTypes/nt:frozenNode/jcr:propertyDefinition[4]
Processing path: /jcr:system/jcr:nodeTypes/nt:frozenNode/jcr:propertyDefinition[5], node exists: true
createLuceneDocument returned null for path: /jcr:system/jcr:nodeTypes/nt:frozenNode/jcr:propertyDefinition[5]
Processing path: /jcr:system/jcr:nodeTypes/nt:frozenNode/jcr:propertyDefinition[2], node exists: true
createLuceneDocument returned null for path: /jcr:system/jcr:nodeTypes/nt:frozenNode/jcr:propertyDefinition[2]
Processing path: /jcr:system/jcr:nodeTypes/nt:frozenNode/jcr:propertyDefinition[3], node exists: true
createLuceneDocument returned null for path: /jcr:system/jcr:nodeTypes/nt:frozenNode/jcr:propertyDefinition[3]
Processing path: /jcr:system/jcr:nodeTypes/nt:frozenNode/jcr:childNodeDefinition, node exists: true
createLuceneDocument returned null for path: /jcr:system/jcr:nodeTypes/nt:frozenNode/jcr:childNodeDefinition
Processing path: /jcr:system/jcr:nodeTypes/nt:frozenNode/jcr:propertyDefinition, node exists: true
createLuceneDocument returned null for path: /jcr:system/jcr:nodeTypes/nt:frozenNode/jcr:propertyDefinition
Processing path: /jcr:system/jcr:nodeTypes/rep:PropertyDefinition, node exists: true
createLuceneDocument returned null for path: /jcr:system/jcr:nodeTypes/rep:PropertyDefinition
Processing path: /jcr:system/jcr:nodeTypes/rep:PropertyDefinition/jcr:propertyDefinition, node exists: true
createLuceneDocument returned null for path: /jcr:system/jcr:nodeTypes/rep:PropertyDefinition/jcr:propertyDefinition
Processing path: /jcr:system/jcr:nodeTypes/rep:nodeTypes, node exists: true
createLuceneDocument returned null for path: /jcr:system/jcr:nodeTypes/rep:nodeTypes
Processing path: /jcr:system/jcr:nodeTypes/rep:nodeTypes/jcr:childNodeDefinition, node exists: true
createLuceneDocument returned null for path: /jcr:system/jcr:nodeTypes/rep:nodeTypes/jcr:childNodeDefinition
Processing path: /jcr:system/jcr:nodeTypes/rep:AccessControl, node exists: true
createLuceneDocument returned null for path: /jcr:system/jcr:nodeTypes/rep:AccessControl
Processing path: /jcr:system/jcr:nodeTypes/rep:AccessControl/jcr:childNodeDefinition, node exists: true
createLuceneDocument returned null for path: /jcr:system/jcr:nodeTypes/rep:AccessControl/jcr:childNodeDefinition
Processing path: /jcr:system/jcr:nodeTypes/rep:AccessControl/jcr:childNodeDefinition[2], node exists: true
createLuceneDocument returned null for path: /jcr:system/jcr:nodeTypes/rep:AccessControl/jcr:childNodeDefinition[2]
Processing path: /jcr:system/jcr:nodeTypes/dam:AssetContent, node exists: true
createLuceneDocument returned null for path: /jcr:system/jcr:nodeTypes/dam:AssetContent
Processing path: /jcr:system/jcr:nodeTypes/dam:AssetContent/jcr:propertyDefinition[2], node exists: true
createLuceneDocument returned null for path: /jcr:system/jcr:nodeTypes/dam:AssetContent/jcr:propertyDefinition[2]
Processing path: /jcr:system/jcr:nodeTypes/dam:AssetContent/jcr:childNodeDefinition, node exists: true
createLuceneDocument returned null for path: /jcr:system/jcr:nodeTypes/dam:AssetContent/jcr:childNodeDefinition
Processing path: /jcr:system/jcr:nodeTypes/dam:AssetContent/jcr:propertyDefinition, node exists: true
createLuceneDocument returned null for path: /jcr:system/jcr:nodeTypes/dam:AssetContent/jcr:propertyDefinition
Processing path: /jcr:system/jcr:nodeTypes/dam:AssetContent/jcr:childNodeDefinition[2], node exists: true
createLuceneDocument returned null for path: /jcr:system/jcr:nodeTypes/dam:AssetContent/jcr:childNodeDefinition[2]
Processing path: /jcr:system/jcr:nodeTypes/nt:base, node exists: true
createLuceneDocument returned null for path: /jcr:system/jcr:nodeTypes/nt:base
Processing path: /jcr:system/jcr:nodeTypes/nt:base/jcr:propertyDefinition[2], node exists: true
createLuceneDocument returned null for path: /jcr:system/jcr:nodeTypes/nt:base/jcr:propertyDefinition[2]
Processing path: /jcr:system/jcr:nodeTypes/nt:base/jcr:propertyDefinition, node exists: true
createLuceneDocument returned null for path: /jcr:system/jcr:nodeTypes/nt:base/jcr:propertyDefinition
Processing path: /jcr:system/jcr:nodeTypes/rep:User, node exists: true
createLuceneDocument returned null for path: /jcr:system/jcr:nodeTypes/rep:User
Processing path: /jcr:system/jcr:nodeTypes/rep:User/jcr:propertyDefinition[2], node exists: true
createLuceneDocument returned null for path: /jcr:system/jcr:nodeTypes/rep:User/jcr:propertyDefinition[2]
Processing path: /jcr:system/jcr:nodeTypes/rep:User/jcr:childNodeDefinition, node exists: true
createLuceneDocument returned null for path: /jcr:system/jcr:nodeTypes/rep:User/jcr:childNodeDefinition
Processing path: /jcr:system/jcr:nodeTypes/rep:User/jcr:propertyDefinition, node exists: true
createLuceneDocument returned null for path: /jcr:system/jcr:nodeTypes/rep:User/jcr:propertyDefinition
Processing path: /jcr:system/jcr:nodeTypes/rep:versionStorage, node exists: true
createLuceneDocument returned null for path: /jcr:system/jcr:nodeTypes/rep:versionStorage
Processing path: /jcr:system/jcr:nodeTypes/rep:versionStorage/jcr:propertyDefinition[2], node exists: true
createLuceneDocument returned null for path: /jcr:system/jcr:nodeTypes/rep:versionStorage/jcr:propertyDefinition[2]
Processing path: /jcr:system/jcr:nodeTypes/rep:versionStorage/jcr:childNodeDefinition, node exists: true
createLuceneDocument returned null for path: /jcr:system/jcr:nodeTypes/rep:versionStorage/jcr:childNodeDefinition
Processing path: /jcr:system/jcr:nodeTypes/rep:versionStorage/jcr:propertyDefinition, node exists: true
createLuceneDocument returned null for path: /jcr:system/jcr:nodeTypes/rep:versionStorage/jcr:propertyDefinition
Processing path: /jcr:system/jcr:nodeTypes/rep:versionStorage/jcr:childNodeDefinition[2], node exists: true
createLuceneDocument returned null for path: /jcr:system/jcr:nodeTypes/rep:versionStorage/jcr:childNodeDefinition[2]
Processing path: /jcr:system/jcr:nodeTypes/rep:root, node exists: true
createLuceneDocument returned null for path: /jcr:system/jcr:nodeTypes/rep:root
Processing path: /jcr:system/jcr:nodeTypes/rep:root/jcr:childNodeDefinition, node exists: true
createLuceneDocument returned null for path: /jcr:system/jcr:nodeTypes/rep:root/jcr:childNodeDefinition
Processing path: /jcr:system/jcr:nodeTypes/nt:hierarchyNode, node exists: true
createLuceneDocument returned null for path: /jcr:system/jcr:nodeTypes/nt:hierarchyNode
Processing path: /jcr:system/jcr:nodeTypes/nt:versionLabels, node exists: true
createLuceneDocument returned null for path: /jcr:system/jcr:nodeTypes/nt:versionLabels
Processing path: /jcr:system/jcr:nodeTypes/nt:versionLabels/jcr:propertyDefinition, node exists: true
createLuceneDocument returned null for path: /jcr:system/jcr:nodeTypes/nt:versionLabels/jcr:propertyDefinition
Processing path: /jcr:system/jcr:nodeTypes/rep:Permissions, node exists: true
createLuceneDocument returned null for path: /jcr:system/jcr:nodeTypes/rep:Permissions
Processing path: /jcr:system/jcr:nodeTypes/rep:Permissions/jcr:propertyDefinition[2], node exists: true
createLuceneDocument returned null for path: /jcr:system/jcr:nodeTypes/rep:Permissions/jcr:propertyDefinition[2]
Processing path: /jcr:system/jcr:nodeTypes/rep:Permissions/jcr:childNodeDefinition, node exists: true
createLuceneDocument returned null for path: /jcr:system/jcr:nodeTypes/rep:Permissions/jcr:childNodeDefinition
Processing path: /jcr:system/jcr:nodeTypes/rep:Permissions/jcr:propertyDefinition, node exists: true
createLuceneDocument returned null for path: /jcr:system/jcr:nodeTypes/rep:Permissions/jcr:propertyDefinition
Processing path: /jcr:system/jcr:nodeTypes/oak:Unstructured, node exists: true
createLuceneDocument returned null for path: /jcr:system/jcr:nodeTypes/oak:Unstructured
Processing path: /jcr:system/jcr:nodeTypes/oak:Unstructured/jcr:propertyDefinition[2], node exists: true
createLuceneDocument returned null for path: /jcr:system/jcr:nodeTypes/oak:Unstructured/jcr:propertyDefinition[2]
Processing path: /jcr:system/jcr:nodeTypes/oak:Unstructured/jcr:childNodeDefinition, node exists: true
createLuceneDocument returned null for path: /jcr:system/jcr:nodeTypes/oak:Unstructured/jcr:childNodeDefinition
Processing path: /jcr:system/jcr:nodeTypes/oak:Unstructured/jcr:propertyDefinition, node exists: true
createLuceneDocument returned null for path: /jcr:system/jcr:nodeTypes/oak:Unstructured/jcr:propertyDefinition
Processing path: /jcr:system/jcr:nodeTypes/nt:versionHistory, node exists: true
createLuceneDocument returned null for path: /jcr:system/jcr:nodeTypes/nt:versionHistory
Processing path: /jcr:system/jcr:nodeTypes/nt:versionHistory/jcr:propertyDefinition[2], node exists: true
createLuceneDocument returned null for path: /jcr:system/jcr:nodeTypes/nt:versionHistory/jcr:propertyDefinition[2]
Processing path: /jcr:system/jcr:nodeTypes/nt:versionHistory/jcr:childNodeDefinition, node exists: true
createLuceneDocument returned null for path: /jcr:system/jcr:nodeTypes/nt:versionHistory/jcr:childNodeDefinition
Processing path: /jcr:system/jcr:nodeTypes/nt:versionHistory/jcr:childNodeDefinition[3], node exists: true
createLuceneDocument returned null for path: /jcr:system/jcr:nodeTypes/nt:versionHistory/jcr:childNodeDefinition[3]
Processing path: /jcr:system/jcr:nodeTypes/nt:versionHistory/jcr:propertyDefinition, node exists: true
createLuceneDocument returned null for path: /jcr:system/jcr:nodeTypes/nt:versionHistory/jcr:propertyDefinition
Processing path: /jcr:system/jcr:nodeTypes/nt:versionHistory/jcr:childNodeDefinition[2], node exists: true
createLuceneDocument returned null for path: /jcr:system/jcr:nodeTypes/nt:versionHistory/jcr:childNodeDefinition[2]
Processing path: /jcr:system/jcr:nodeTypes/oak:Resource, node exists: true
createLuceneDocument returned null for path: /jcr:system/jcr:nodeTypes/oak:Resource
Processing path: /jcr:system/jcr:nodeTypes/oak:Resource/jcr:propertyDefinition, node exists: true
createLuceneDocument returned null for path: /jcr:system/jcr:nodeTypes/oak:Resource/jcr:propertyDefinition
Processing path: /jcr:system/jcr:nodeTypes/nt:linkedFile, node exists: true
createLuceneDocument returned null for path: /jcr:system/jcr:nodeTypes/nt:linkedFile
Processing path: /jcr:system/jcr:nodeTypes/nt:linkedFile/jcr:propertyDefinition, node exists: true
createLuceneDocument returned null for path: /jcr:system/jcr:nodeTypes/nt:linkedFile/jcr:propertyDefinition
Processing path: /jcr:system/jcr:nodeTypes/rep:Privileges, node exists: true
createLuceneDocument returned null for path: /jcr:system/jcr:nodeTypes/rep:Privileges
Processing path: /jcr:system/jcr:nodeTypes/rep:Privileges/jcr:childNodeDefinition, node exists: true
createLuceneDocument returned null for path: /jcr:system/jcr:nodeTypes/rep:Privileges/jcr:childNodeDefinition
Processing path: /jcr:system/jcr:nodeTypes/rep:Privileges/jcr:propertyDefinition, node exists: true
createLuceneDocument returned null for path: /jcr:system/jcr:nodeTypes/rep:Privileges/jcr:propertyDefinition
Processing path: /jcr:system/jcr:nodeTypes/mix:title, node exists: true
createLuceneDocument returned null for path: /jcr:system/jcr:nodeTypes/mix:title
Processing path: /jcr:system/jcr:nodeTypes/mix:title/jcr:propertyDefinition[2], node exists: true
createLuceneDocument returned null for path: /jcr:system/jcr:nodeTypes/mix:title/jcr:propertyDefinition[2]
Processing path: /jcr:system/jcr:nodeTypes/mix:title/jcr:propertyDefinition, node exists: true
createLuceneDocument returned null for path: /jcr:system/jcr:nodeTypes/mix:title/jcr:propertyDefinition
Processing path: /jcr:system/jcr:nodeTypes/nt:configuration, node exists: true
createLuceneDocument returned null for path: /jcr:system/jcr:nodeTypes/nt:configuration
Processing path: /jcr:system/jcr:nodeTypes/nt:configuration/jcr:propertyDefinition, node exists: true
createLuceneDocument returned null for path: /jcr:system/jcr:nodeTypes/nt:configuration/jcr:propertyDefinition
Processing path: /jcr:system/jcr:nodeTypes/mix:lockable, node exists: true
createLuceneDocument returned null for path: /jcr:system/jcr:nodeTypes/mix:lockable
Processing path: /jcr:system/jcr:nodeTypes/mix:lockable/jcr:propertyDefinition[2], node exists: true
createLuceneDocument returned null for path: /jcr:system/jcr:nodeTypes/mix:lockable/jcr:propertyDefinition[2]
Processing path: /jcr:system/jcr:nodeTypes/mix:lockable/jcr:propertyDefinition, node exists: true
createLuceneDocument returned null for path: /jcr:system/jcr:nodeTypes/mix:lockable/jcr:propertyDefinition
Processing path: /jcr:system/jcr:nodeTypes/rep:system, node exists: true
createLuceneDocument returned null for path: /jcr:system/jcr:nodeTypes/rep:system
Processing path: /jcr:system/jcr:nodeTypes/rep:system/jcr:childNodeDefinition, node exists: true
createLuceneDocument returned null for path: /jcr:system/jcr:nodeTypes/rep:system/jcr:childNodeDefinition
Processing path: /jcr:system/jcr:nodeTypes/rep:system/jcr:childNodeDefinition[3], node exists: true
createLuceneDocument returned null for path: /jcr:system/jcr:nodeTypes/rep:system/jcr:childNodeDefinition[3]
Processing path: /jcr:system/jcr:nodeTypes/rep:system/jcr:childNodeDefinition[4], node exists: true
createLuceneDocument returned null for path: /jcr:system/jcr:nodeTypes/rep:system/jcr:childNodeDefinition[4]
Processing path: /jcr:system/jcr:nodeTypes/rep:system/jcr:childNodeDefinition[2], node exists: true
createLuceneDocument returned null for path: /jcr:system/jcr:nodeTypes/rep:system/jcr:childNodeDefinition[2]
Processing path: /jcr:system/jcr:nodeTypes/rep:system/jcr:childNodeDefinition[5], node exists: true
createLuceneDocument returned null for path: /jcr:system/jcr:nodeTypes/rep:system/jcr:childNodeDefinition[5]
Processing path: /jcr:system/jcr:nodeTypes/rep:system/jcr:childNodeDefinition[6], node exists: true
createLuceneDocument returned null for path: /jcr:system/jcr:nodeTypes/rep:system/jcr:childNodeDefinition[6]
Processing path: /jcr:system/jcr:nodeTypes/nt:folder, node exists: true
createLuceneDocument returned null for path: /jcr:system/jcr:nodeTypes/nt:folder
Processing path: /jcr:system/jcr:nodeTypes/nt:folder/jcr:childNodeDefinition, node exists: true
createLuceneDocument returned null for path: /jcr:system/jcr:nodeTypes/nt:folder/jcr:childNodeDefinition
Processing path: /jcr:system/jcr:nodeTypes/rep:DenyACE, node exists: true
createLuceneDocument returned null for path: /jcr:system/jcr:nodeTypes/rep:DenyACE
Processing path: /jcr:system/jcr:nodeTypes/mix:lastModified, node exists: true
createLuceneDocument returned null for path: /jcr:system/jcr:nodeTypes/mix:lastModified
Processing path: /jcr:system/jcr:nodeTypes/mix:lastModified/jcr:propertyDefinition[2], node exists: true
createLuceneDocument returned null for path: /jcr:system/jcr:nodeTypes/mix:lastModified/jcr:propertyDefinition[2]
Processing path: /jcr:system/jcr:nodeTypes/mix:lastModified/jcr:propertyDefinition, node exists: true
createLuceneDocument returned null for path: /jcr:system/jcr:nodeTypes/mix:lastModified/jcr:propertyDefinition
Processing path: /jcr:system/jcr:nodeTypes/rep:PermissionStore, node exists: true
createLuceneDocument returned null for path: /jcr:system/jcr:nodeTypes/rep:PermissionStore
Processing path: /jcr:system/jcr:nodeTypes/rep:PermissionStore/jcr:propertyDefinition[2], node exists: true
createLuceneDocument returned null for path: /jcr:system/jcr:nodeTypes/rep:PermissionStore/jcr:propertyDefinition[2]
Processing path: /jcr:system/jcr:nodeTypes/rep:PermissionStore/jcr:propertyDefinition[3], node exists: true
createLuceneDocument returned null for path: /jcr:system/jcr:nodeTypes/rep:PermissionStore/jcr:propertyDefinition[3]
Processing path: /jcr:system/jcr:nodeTypes/rep:PermissionStore/jcr:childNodeDefinition, node exists: true
createLuceneDocument returned null for path: /jcr:system/jcr:nodeTypes/rep:PermissionStore/jcr:childNodeDefinition
Processing path: /jcr:system/jcr:nodeTypes/rep:PermissionStore/jcr:propertyDefinition, node exists: true
createLuceneDocument returned null for path: /jcr:system/jcr:nodeTypes/rep:PermissionStore/jcr:propertyDefinition
Processing path: /jcr:system/jcr:nodeTypes/rep:PermissionStore/jcr:childNodeDefinition[2], node exists: true
createLuceneDocument returned null for path: /jcr:system/jcr:nodeTypes/rep:PermissionStore/jcr:childNodeDefinition[2]
Processing path: /jcr:system/jcr:nodeTypes/rep:Configurations, node exists: true
createLuceneDocument returned null for path: /jcr:system/jcr:nodeTypes/rep:Configurations
Processing path: /jcr:system/jcr:nodeTypes/rep:Configurations/jcr:childNodeDefinition, node exists: true
createLuceneDocument returned null for path: /jcr:system/jcr:nodeTypes/rep:Configurations/jcr:childNodeDefinition
Processing path: /jcr:system/jcr:nodeTypes/rep:Configurations/jcr:childNodeDefinition[2], node exists: true
createLuceneDocument returned null for path: /jcr:system/jcr:nodeTypes/rep:Configurations/jcr:childNodeDefinition[2]
Processing path: /jcr:system/jcr:nodeTypes/mix:simpleVersionable, node exists: true
createLuceneDocument returned null for path: /jcr:system/jcr:nodeTypes/mix:simpleVersionable
Processing path: /jcr:system/jcr:nodeTypes/mix:simpleVersionable/jcr:propertyDefinition, node exists: true
createLuceneDocument returned null for path: /jcr:system/jcr:nodeTypes/mix:simpleVersionable/jcr:propertyDefinition
Processing path: /jcr:system/jcr:nodeTypes/nt:versionedChild, node exists: true
createLuceneDocument returned null for path: /jcr:system/jcr:nodeTypes/nt:versionedChild
Processing path: /jcr:system/jcr:nodeTypes/nt:versionedChild/jcr:propertyDefinition, node exists: true
createLuceneDocument returned null for path: /jcr:system/jcr:nodeTypes/nt:versionedChild/jcr:propertyDefinition
Processing path: /jcr:system/jcr:nodeTypes/rep:Activities, node exists: true
createLuceneDocument returned null for path: /jcr:system/jcr:nodeTypes/rep:Activities
Processing path: /jcr:system/jcr:nodeTypes/rep:Activities/jcr:childNodeDefinition, node exists: true
createLuceneDocument returned null for path: /jcr:system/jcr:nodeTypes/rep:Activities/jcr:childNodeDefinition
Processing path: /jcr:system/jcr:nodeTypes/rep:Activities/jcr:childNodeDefinition[2], node exists: true
createLuceneDocument returned null for path: /jcr:system/jcr:nodeTypes/rep:Activities/jcr:childNodeDefinition[2]
Processing path: /jcr:system/jcr:nodeTypes/rep:Group, node exists: true
createLuceneDocument returned null for path: /jcr:system/jcr:nodeTypes/rep:Group
Processing path: /jcr:system/jcr:nodeTypes/rep:Group/jcr:childNodeDefinition, node exists: true
createLuceneDocument returned null for path: /jcr:system/jcr:nodeTypes/rep:Group/jcr:childNodeDefinition
Processing path: /jcr:system/jcr:nodeTypes/rep:Group/jcr:childNodeDefinition[2], node exists: true
createLuceneDocument returned null for path: /jcr:system/jcr:nodeTypes/rep:Group/jcr:childNodeDefinition[2]
Processing path: /jcr:system/jcr:nodeTypes/nt:query, node exists: true
createLuceneDocument returned null for path: /jcr:system/jcr:nodeTypes/nt:query
Processing path: /jcr:system/jcr:nodeTypes/nt:query/jcr:propertyDefinition[2], node exists: true
createLuceneDocument returned null for path: /jcr:system/jcr:nodeTypes/nt:query/jcr:propertyDefinition[2]
Processing path: /jcr:system/jcr:nodeTypes/nt:query/jcr:propertyDefinition, node exists: true
createLuceneDocument returned null for path: /jcr:system/jcr:nodeTypes/nt:query/jcr:propertyDefinition
Processing path: /jcr:system/jcr:nodeTypes/rep:RetentionManageable, node exists: true
createLuceneDocument returned null for path: /jcr:system/jcr:nodeTypes/rep:RetentionManageable
Processing path: /jcr:system/jcr:nodeTypes/rep:RetentionManageable/jcr:propertyDefinition[2], node exists: true
createLuceneDocument returned null for path: /jcr:system/jcr:nodeTypes/rep:RetentionManageable/jcr:propertyDefinition[2]
Processing path: /jcr:system/jcr:nodeTypes/rep:RetentionManageable/jcr:propertyDefinition, node exists: true
createLuceneDocument returned null for path: /jcr:system/jcr:nodeTypes/rep:RetentionManageable/jcr:propertyDefinition
Processing path: /jcr:system/jcr:nodeTypes/rep:Token, node exists: true
createLuceneDocument returned null for path: /jcr:system/jcr:nodeTypes/rep:Token
Processing path: /jcr:system/jcr:nodeTypes/rep:Token/jcr:propertyDefinition[4], node exists: true
createLuceneDocument returned null for path: /jcr:system/jcr:nodeTypes/rep:Token/jcr:propertyDefinition[4]
Processing path: /jcr:system/jcr:nodeTypes/rep:Token/jcr:propertyDefinition[2], node exists: true
createLuceneDocument returned null for path: /jcr:system/jcr:nodeTypes/rep:Token/jcr:propertyDefinition[2]
Processing path: /jcr:system/jcr:nodeTypes/rep:Token/jcr:propertyDefinition[3], node exists: true
createLuceneDocument returned null for path: /jcr:system/jcr:nodeTypes/rep:Token/jcr:propertyDefinition[3]
Processing path: /jcr:system/jcr:nodeTypes/rep:Token/jcr:propertyDefinition, node exists: true
createLuceneDocument returned null for path: /jcr:system/jcr:nodeTypes/rep:Token/jcr:propertyDefinition
Processing path: /jcr:system/jcr:nodeTypes/nt:address, node exists: true
createLuceneDocument returned null for path: /jcr:system/jcr:nodeTypes/nt:address
Processing path: /jcr:system/jcr:nodeTypes/nt:address/jcr:propertyDefinition[4], node exists: true
createLuceneDocument returned null for path: /jcr:system/jcr:nodeTypes/nt:address/jcr:propertyDefinition[4]
Processing path: /jcr:system/jcr:nodeTypes/nt:address/jcr:propertyDefinition[5], node exists: true
createLuceneDocument returned null for path: /jcr:system/jcr:nodeTypes/nt:address/jcr:propertyDefinition[5]
Processing path: /jcr:system/jcr:nodeTypes/nt:address/jcr:propertyDefinition[6], node exists: true
createLuceneDocument returned null for path: /jcr:system/jcr:nodeTypes/nt:address/jcr:propertyDefinition[6]
Processing path: /jcr:system/jcr:nodeTypes/nt:address/jcr:propertyDefinition[7], node exists: true
createLuceneDocument returned null for path: /jcr:system/jcr:nodeTypes/nt:address/jcr:propertyDefinition[7]
Processing path: /jcr:system/jcr:nodeTypes/nt:address/jcr:propertyDefinition[2], node exists: true
createLuceneDocument returned null for path: /jcr:system/jcr:nodeTypes/nt:address/jcr:propertyDefinition[2]
Processing path: /jcr:system/jcr:nodeTypes/nt:address/jcr:propertyDefinition[3], node exists: true
createLuceneDocument returned null for path: /jcr:system/jcr:nodeTypes/nt:address/jcr:propertyDefinition[3]
Processing path: /jcr:system/jcr:nodeTypes/nt:address/jcr:propertyDefinition, node exists: true
createLuceneDocument returned null for path: /jcr:system/jcr:nodeTypes/nt:address/jcr:propertyDefinition
Processing path: /jcr:system/jcr:nodeTypes/mix:indexable, node exists: true
createLuceneDocument returned null for path: /jcr:system/jcr:nodeTypes/mix:indexable
Processing path: /jcr:system/jcr:nodeTypes/mix:indexable/jcr:childNodeDefinition, node exists: true
createLuceneDocument returned null for path: /jcr:system/jcr:nodeTypes/mix:indexable/jcr:childNodeDefinition
Processing path: /jcr:system/jcr:nodeTypes/nt:nodeType, node exists: true
createLuceneDocument returned null for path: /jcr:system/jcr:nodeTypes/nt:nodeType
Processing path: /jcr:system/jcr:nodeTypes/nt:nodeType/jcr:propertyDefinition[4], node exists: true
createLuceneDocument returned null for path: /jcr:system/jcr:nodeTypes/nt:nodeType/jcr:propertyDefinition[4]
Processing path: /jcr:system/jcr:nodeTypes/nt:nodeType/jcr:propertyDefinition[5], node exists: true
createLuceneDocument returned null for path: /jcr:system/jcr:nodeTypes/nt:nodeType/jcr:propertyDefinition[5]
Processing path: /jcr:system/jcr:nodeTypes/nt:nodeType/jcr:propertyDefinition[6], node exists: true
createLuceneDocument returned null for path: /jcr:system/jcr:nodeTypes/nt:nodeType/jcr:propertyDefinition[6]
Processing path: /jcr:system/jcr:nodeTypes/nt:nodeType/jcr:propertyDefinition[7], node exists: true
createLuceneDocument returned null for path: /jcr:system/jcr:nodeTypes/nt:nodeType/jcr:propertyDefinition[7]
Processing path: /jcr:system/jcr:nodeTypes/nt:nodeType/jcr:propertyDefinition[2], node exists: true
createLuceneDocument returned null for path: /jcr:system/jcr:nodeTypes/nt:nodeType/jcr:propertyDefinition[2]
Processing path: /jcr:system/jcr:nodeTypes/nt:nodeType/jcr:propertyDefinition[3], node exists: true
createLuceneDocument returned null for path: /jcr:system/jcr:nodeTypes/nt:nodeType/jcr:propertyDefinition[3]
Processing path: /jcr:system/jcr:nodeTypes/nt:nodeType/jcr:childNodeDefinition, node exists: true
createLuceneDocument returned null for path: /jcr:system/jcr:nodeTypes/nt:nodeType/jcr:childNodeDefinition
Processing path: /jcr:system/jcr:nodeTypes/nt:nodeType/jcr:propertyDefinition, node exists: true
createLuceneDocument returned null for path: /jcr:system/jcr:nodeTypes/nt:nodeType/jcr:propertyDefinition
Processing path: /jcr:system/jcr:nodeTypes/nt:nodeType/jcr:childNodeDefinition[2], node exists: true
createLuceneDocument returned null for path: /jcr:system/jcr:nodeTypes/nt:nodeType/jcr:childNodeDefinition[2]
Processing path: /jcr:system/jcr:nodeTypes/nt:file, node exists: true
createLuceneDocument returned null for path: /jcr:system/jcr:nodeTypes/nt:file
Processing path: /jcr:system/jcr:nodeTypes/nt:file/jcr:childNodeDefinition, node exists: true
createLuceneDocument returned null for path: /jcr:system/jcr:nodeTypes/nt:file/jcr:childNodeDefinition
Processing path: /jcr:system/jcr:nodeTypes/rep:NamedChildNodeDefinitions, node exists: true
createLuceneDocument returned null for path: /jcr:system/jcr:nodeTypes/rep:NamedChildNodeDefinitions
Processing path: /jcr:system/jcr:nodeTypes/rep:NamedChildNodeDefinitions/jcr:childNodeDefinition, node exists: true
createLuceneDocument returned null for path: /jcr:system/jcr:nodeTypes/rep:NamedChildNodeDefinitions/jcr:childNodeDefinition
Processing path: /jcr:system/jcr:nodeTypes/rep:MemberReferences, node exists: true
createLuceneDocument returned null for path: /jcr:system/jcr:nodeTypes/rep:MemberReferences
Processing path: /jcr:system/jcr:nodeTypes/rep:MemberReferences/jcr:propertyDefinition, node exists: true
createLuceneDocument returned null for path: /jcr:system/jcr:nodeTypes/rep:MemberReferences/jcr:propertyDefinition
Processing path: /jcr:system/jcr:nodeTypes/rep:NamedPropertyDefinitions, node exists: true
createLuceneDocument returned null for path: /jcr:system/jcr:nodeTypes/rep:NamedPropertyDefinitions
Processing path: /jcr:system/jcr:nodeTypes/rep:NamedPropertyDefinitions/jcr:childNodeDefinition, node exists: true
createLuceneDocument returned null for path: /jcr:system/jcr:nodeTypes/rep:NamedPropertyDefinitions/jcr:childNodeDefinition
Processing path: /jcr:system/jcr:nodeTypes/rep:Impersonatable, node exists: true
createLuceneDocument returned null for path: /jcr:system/jcr:nodeTypes/rep:Impersonatable
Processing path: /jcr:system/jcr:nodeTypes/rep:Impersonatable/jcr:propertyDefinition, node exists: true
createLuceneDocument returned null for path: /jcr:system/jcr:nodeTypes/rep:Impersonatable/jcr:propertyDefinition
Processing path: /jcr:system/jcr:nodeTypes/rep:ChildNodeDefinitions, node exists: true
createLuceneDocument returned null for path: /jcr:system/jcr:nodeTypes/rep:ChildNodeDefinitions
Processing path: /jcr:system/jcr:nodeTypes/rep:ChildNodeDefinitions/jcr:childNodeDefinition, node exists: true
createLuceneDocument returned null for path: /jcr:system/jcr:nodeTypes/rep:ChildNodeDefinitions/jcr:childNodeDefinition
Processing path: /jcr:system/jcr:nodeTypes/rep:MergeConflict, node exists: true
createLuceneDocument returned null for path: /jcr:system/jcr:nodeTypes/rep:MergeConflict
Processing path: /jcr:system/jcr:nodeTypes/rep:MergeConflict/jcr:childNodeDefinition, node exists: true
createLuceneDocument returned null for path: /jcr:system/jcr:nodeTypes/rep:MergeConflict/jcr:childNodeDefinition
Processing path: /jcr:system/jcr:nodeTypes/nt:resource, node exists: true
createLuceneDocument returned null for path: /jcr:system/jcr:nodeTypes/nt:resource
Processing path: /jcr:system/jcr:nodeTypes/nt:resource/jcr:propertyDefinition, node exists: true
createLuceneDocument returned null for path: /jcr:system/jcr:nodeTypes/nt:resource/jcr:propertyDefinition
Processing path: /jcr:system/jcr:nodeTypes/mix:atomicCounter, node exists: true
createLuceneDocument returned null for path: /jcr:system/jcr:nodeTypes/mix:atomicCounter
Processing path: /jcr:system/jcr:nodeTypes/mix:atomicCounter/jcr:propertyDefinition, node exists: true
createLuceneDocument returned null for path: /jcr:system/jcr:nodeTypes/mix:atomicCounter/jcr:propertyDefinition
Processing path: /jcr:system/jcr:nodeTypes/rep:PrincipalAccessControl, node exists: true
createLuceneDocument returned null for path: /jcr:system/jcr:nodeTypes/rep:PrincipalAccessControl
Processing path: /jcr:system/jcr:nodeTypes/rep:PrincipalAccessControl/jcr:childNodeDefinition, node exists: true
createLuceneDocument returned null for path: /jcr:system/jcr:nodeTypes/rep:PrincipalAccessControl/jcr:childNodeDefinition
Processing path: /jcr:system/jcr:nodeTypes/rep:Privilege, node exists: true
createLuceneDocument returned null for path: /jcr:system/jcr:nodeTypes/rep:Privilege
Processing path: /jcr:system/jcr:nodeTypes/rep:Privilege/jcr:propertyDefinition[2], node exists: true
createLuceneDocument returned null for path: /jcr:system/jcr:nodeTypes/rep:Privilege/jcr:propertyDefinition[2]
Processing path: /jcr:system/jcr:nodeTypes/rep:Privilege/jcr:propertyDefinition[3], node exists: true
createLuceneDocument returned null for path: /jcr:system/jcr:nodeTypes/rep:Privilege/jcr:propertyDefinition[3]
Processing path: /jcr:system/jcr:nodeTypes/rep:Privilege/jcr:propertyDefinition, node exists: true
createLuceneDocument returned null for path: /jcr:system/jcr:nodeTypes/rep:Privilege/jcr:propertyDefinition
Processing path: /jcr:system/jcr:nodeTypes/rep:Policy, node exists: true
createLuceneDocument returned null for path: /jcr:system/jcr:nodeTypes/rep:Policy
Processing path: /jcr:system/jcr:nodeTypes/rep:NodeType, node exists: true
createLuceneDocument returned null for path: /jcr:system/jcr:nodeTypes/rep:NodeType
Processing path: /jcr:system/jcr:nodeTypes/rep:NodeType/jcr:propertyDefinition[4], node exists: true
createLuceneDocument returned null for path: /jcr:system/jcr:nodeTypes/rep:NodeType/jcr:propertyDefinition[4]
Processing path: /jcr:system/jcr:nodeTypes/rep:NodeType/jcr:propertyDefinition[5], node exists: true
createLuceneDocument returned null for path: /jcr:system/jcr:nodeTypes/rep:NodeType/jcr:propertyDefinition[5]
Processing path: /jcr:system/jcr:nodeTypes/rep:NodeType/jcr:propertyDefinition[6], node exists: true
createLuceneDocument returned null for path: /jcr:system/jcr:nodeTypes/rep:NodeType/jcr:propertyDefinition[6]
Processing path: /jcr:system/jcr:nodeTypes/rep:NodeType/jcr:propertyDefinition[7], node exists: true
createLuceneDocument returned null for path: /jcr:system/jcr:nodeTypes/rep:NodeType/jcr:propertyDefinition[7]
Processing path: /jcr:system/jcr:nodeTypes/rep:NodeType/jcr:propertyDefinition[2], node exists: true
createLuceneDocument returned null for path: /jcr:system/jcr:nodeTypes/rep:NodeType/jcr:propertyDefinition[2]
Processing path: /jcr:system/jcr:nodeTypes/rep:NodeType/jcr:propertyDefinition[3], node exists: true
createLuceneDocument returned null for path: /jcr:system/jcr:nodeTypes/rep:NodeType/jcr:propertyDefinition[3]
Processing path: /jcr:system/jcr:nodeTypes/rep:NodeType/jcr:childNodeDefinition, node exists: true
createLuceneDocument returned null for path: /jcr:system/jcr:nodeTypes/rep:NodeType/jcr:childNodeDefinition
Processing path: /jcr:system/jcr:nodeTypes/rep:NodeType/jcr:childNodeDefinition[3], node exists: true
createLuceneDocument returned null for path: /jcr:system/jcr:nodeTypes/rep:NodeType/jcr:childNodeDefinition[3]
Processing path: /jcr:system/jcr:nodeTypes/rep:NodeType/jcr:childNodeDefinition[4], node exists: true
createLuceneDocument returned null for path: /jcr:system/jcr:nodeTypes/rep:NodeType/jcr:childNodeDefinition[4]
Processing path: /jcr:system/jcr:nodeTypes/rep:NodeType/jcr:childNodeDefinition[2], node exists: true
createLuceneDocument returned null for path: /jcr:system/jcr:nodeTypes/rep:NodeType/jcr:childNodeDefinition[2]
Processing path: /jcr:system/jcr:nodeTypes/rep:NodeType/jcr:propertyDefinition[8], node exists: true
createLuceneDocument returned null for path: /jcr:system/jcr:nodeTypes/rep:NodeType/jcr:propertyDefinition[8]
Processing path: /jcr:system/jcr:nodeTypes/rep:NodeType/jcr:propertyDefinition[9], node exists: true
createLuceneDocument returned null for path: /jcr:system/jcr:nodeTypes/rep:NodeType/jcr:propertyDefinition[9]
Processing path: /jcr:system/jcr:nodeTypes/rep:NodeType/jcr:propertyDefinition[10], node exists: true
createLuceneDocument returned null for path: /jcr:system/jcr:nodeTypes/rep:NodeType/jcr:propertyDefinition[10]
Processing path: /jcr:system/jcr:nodeTypes/rep:NodeType/jcr:propertyDefinition, node exists: true
createLuceneDocument returned null for path: /jcr:system/jcr:nodeTypes/rep:NodeType/jcr:propertyDefinition
Processing path: /oak:index, node exists: true
createLuceneDocument returned null for path: /oak:index
Processing path: /oak:index/searchIndex, node exists: true
createLuceneDocument returned null for path: /oak:index/searchIndex
Processing path: /oak:index/searchIndex/indexRules, node exists: true
createLuceneDocument returned null for path: /oak:index/searchIndex/indexRules
Processing path: /oak:index/searchIndex/indexRules/nt:unstructured, node exists: true
createLuceneDocument returned null for path: /oak:index/searchIndex/indexRules/nt:unstructured
Processing path: /oak:index/searchIndex/indexRules/nt:unstructured/properties, node exists: true
createLuceneDocument returned null for path: /oak:index/searchIndex/indexRules/nt:unstructured/properties
Processing path: /oak:index/searchIndex/indexRules/nt:unstructured/properties/title, node exists: true
createLuceneDocument returned null for path: /oak:index/searchIndex/indexRules/nt:unstructured/properties/title
Processing path: /oak:index/searchIndex/indexRules/nt:unstructured/properties/category, node exists: true
createLuceneDocument returned null for path: /oak:index/searchIndex/indexRules/nt:unstructured/properties/category
Processing path: /oak:index/searchIndex/indexRules/nt:unstructured/properties/status, node exists: true
createLuceneDocument returned null for path: /oak:index/searchIndex/indexRules/nt:unstructured/properties/status
Processing path: /oak:index/changeTrackingIndex, node exists: true
createLuceneDocument returned null for path: /oak:index/changeTrackingIndex
Processing path: /oak:index/changeTrackingIndex/indexRules, node exists: true
createLuceneDocument returned null for path: /oak:index/changeTrackingIndex/indexRules
Processing path: /oak:index/changeTrackingIndex/indexRules/nt:base, node exists: true
createLuceneDocument returned null for path: /oak:index/changeTrackingIndex/indexRules/nt:base
Processing path: /oak:index/changeTrackingIndex/indexRules/nt:base/properties, node exists: true
createLuceneDocument returned null for path: /oak:index/changeTrackingIndex/indexRules/nt:base/properties
Processing path: /oak:index/changeTrackingIndex/indexRules/nt:base/properties/ctDiffProcessingTime, node exists: true
createLuceneDocument returned null for path: /oak:index/changeTrackingIndex/indexRules/nt:base/properties/ctDiffProcessingTime
Processing path: /oak:index/changeTrackingIndex/indexRules/nt:base/properties/ctSerialNumber, node exists: true
createLuceneDocument returned null for path: /oak:index/changeTrackingIndex/indexRules/nt:base/properties/ctSerialNumber
Processing path: /oak:index/changeTrackingIndex/indexRules/nt:base/properties/ctPath, node exists: true
createLuceneDocument returned null for path: /oak:index/changeTrackingIndex/indexRules/nt:base/properties/ctPath
Processing path: /oak:index/damAssetLucene13, node exists: true
createLuceneDocument returned null for path: /oak:index/damAssetLucene13
Processing path: /oak:index/damAssetLucene13/indexRules, node exists: true
createLuceneDocument returned null for path: /oak:index/damAssetLucene13/indexRules
Processing path: /oak:index/damAssetLucene13/indexRules/dam:Asset, node exists: true
createLuceneDocument returned null for path: /oak:index/damAssetLucene13/indexRules/dam:Asset
Processing path: /oak:index/damAssetLucene13/indexRules/dam:Asset/properties, node exists: true
createLuceneDocument returned null for path: /oak:index/damAssetLucene13/indexRules/dam:Asset/properties
Processing path: /oak:index/damAssetLucene13/indexRules/dam:Asset/properties/jcrTitle, node exists: true
createLuceneDocument returned null for path: /oak:index/damAssetLucene13/indexRules/dam:Asset/properties/jcrTitle
Processing path: /oak:index/damAssetLucene13/indexRules/dam:Asset/properties/damStatus, node exists: true
createLuceneDocument returned null for path: /oak:index/damAssetLucene13/indexRules/dam:Asset/properties/damStatus
Processing path: /oak:index/damAssetLucene13/indexRules/dam:Asset/properties/dcFormat, node exists: true
createLuceneDocument returned null for path: /oak:index/damAssetLucene13/indexRules/dam:Asset/properties/dcFormat
Processing path: /oak:index/damAssetLucene13/indexRules/dam:Asset/properties/dcTitle, node exists: true
createLuceneDocument returned null for path: /oak:index/damAssetLucene13/indexRules/dam:Asset/properties/dcTitle
Processing path: /oak:index/damAssetLucene13/aggregates, node exists: true
createLuceneDocument returned null for path: /oak:index/damAssetLucene13/aggregates
Processing path: /oak:index/damAssetLucene13/aggregates/dam:Asset, node exists: true
createLuceneDocument returned null for path: /oak:index/damAssetLucene13/aggregates/dam:Asset
Processing path: /oak:index/damAssetLucene13/aggregates/dam:Asset/include1, node exists: true
createLuceneDocument returned null for path: /oak:index/damAssetLucene13/aggregates/dam:Asset/include1
Processing path: /oak:index/damAssetLucene13/aggregates/dam:Asset/include0, node exists: true
createLuceneDocument returned null for path: /oak:index/damAssetLucene13/aggregates/dam:Asset/include0
Processing chunk for /oak:index/damAssetLucene13 ts=0
Found 331 changes
Processing path: /, node exists: true
createLuceneDocument returned null for path: /
Processing path: /var, node exists: true
createLuceneDocument returned null for path: /var
Processing path: /var/oak, node exists: true
createLuceneDocument returned null for path: /var/oak
Processing path: /var/oak/indexing, node exists: true
createLuceneDocument returned null for path: /var/oak/indexing
Processing path: /var/oak/indexing/progress, node exists: true
createLuceneDocument returned null for path: /var/oak/indexing/progress
Processing path: /var/oak/indexing/progress/indexes, node exists: true
createLuceneDocument returned null for path: /var/oak/indexing/progress/indexes
Processing path: /var/oak/indexing/progress/indexes/searchIndex, node exists: true
createLuceneDocument returned null for path: /var/oak/indexing/progress/indexes/searchIndex
Processing path: /var/oak/indexing/progress/indexes/searchIndex/stats, node exists: true
createLuceneDocument returned null for path: /var/oak/indexing/progress/indexes/searchIndex/stats
Processing path: /var/oak/indexing/progress/indexes/damAssetLucene13, node exists: true
createLuceneDocument returned null for path: /var/oak/indexing/progress/indexes/damAssetLucene13
Processing path: /var/oak/indexing/progress/indexes/damAssetLucene13/stats, node exists: true
createLuceneDocument returned null for path: /var/oak/indexing/progress/indexes/damAssetLucene13/stats
Processing path: /var/oak/indexing/progress/changeTracker, node exists: true
createLuceneDocument returned null for path: /var/oak/indexing/progress/changeTracker
Processing path: /jcr:system, node exists: true
createLuceneDocument returned null for path: /jcr:system
Processing path: /jcr:system/rep:namespaces, node exists: true
createLuceneDocument returned null for path: /jcr:system/rep:namespaces
Processing path: /jcr:system/rep:namespaces/rep:nsdata, node exists: true
createLuceneDocument returned null for path: /jcr:system/rep:namespaces/rep:nsdata
Processing path: /jcr:system/jcr:activities, node exists: true
createLuceneDocument returned null for path: /jcr:system/jcr:activities
Processing path: /jcr:system/jcr:versionStorage, node exists: true
createLuceneDocument returned null for path: /jcr:system/jcr:versionStorage
Processing path: /jcr:system/jcr:nodeTypes, node exists: true
createLuceneDocument returned null for path: /jcr:system/jcr:nodeTypes
Processing path: /jcr:system/jcr:nodeTypes/rep:Unstructured, node exists: true
createLuceneDocument returned null for path: /jcr:system/jcr:nodeTypes/rep:Unstructured
Processing path: /jcr:system/jcr:nodeTypes/rep:Unstructured/jcr:propertyDefinition[2], node exists: true
createLuceneDocument returned null for path: /jcr:system/jcr:nodeTypes/rep:Unstructured/jcr:propertyDefinition[2]
Processing path: /jcr:system/jcr:nodeTypes/rep:Unstructured/jcr:childNodeDefinition, node exists: true
createLuceneDocument returned null for path: /jcr:system/jcr:nodeTypes/rep:Unstructured/jcr:childNodeDefinition
Processing path: /jcr:system/jcr:nodeTypes/rep:Unstructured/jcr:propertyDefinition, node exists: true
createLuceneDocument returned null for path: /jcr:system/jcr:nodeTypes/rep:Unstructured/jcr:propertyDefinition
Processing path: /jcr:system/jcr:nodeTypes/mix:language, node exists: true
createLuceneDocument returned null for path: /jcr:system/jcr:nodeTypes/mix:language
Processing path: /jcr:system/jcr:nodeTypes/mix:language/jcr:propertyDefinition, node exists: true
createLuceneDocument returned null for path: /jcr:system/jcr:nodeTypes/mix:language/jcr:propertyDefinition
Processing path: /jcr:system/jcr:nodeTypes/mix:etag, node exists: true
createLuceneDocument returned null for path: /jcr:system/jcr:nodeTypes/mix:etag
Processing path: /jcr:system/jcr:nodeTypes/mix:etag/jcr:propertyDefinition, node exists: true
createLuceneDocument returned null for path: /jcr:system/jcr:nodeTypes/mix:etag/jcr:propertyDefinition
Processing path: /jcr:system/jcr:nodeTypes/mix:mimeType, node exists: true
createLuceneDocument returned null for path: /jcr:system/jcr:nodeTypes/mix:mimeType
Processing path: /jcr:system/jcr:nodeTypes/mix:mimeType/jcr:propertyDefinition[2], node exists: true
createLuceneDocument returned null for path: /jcr:system/jcr:nodeTypes/mix:mimeType/jcr:propertyDefinition[2]
Processing path: /jcr:system/jcr:nodeTypes/mix:mimeType/jcr:propertyDefinition, node exists: true
createLuceneDocument returned null for path: /jcr:system/jcr:nodeTypes/mix:mimeType/jcr:propertyDefinition
Processing path: /jcr:system/jcr:nodeTypes/oak:QueryIndexDefinition, node exists: true
createLuceneDocument returned null for path: /jcr:system/jcr:nodeTypes/oak:QueryIndexDefinition
Processing path: /jcr:system/jcr:nodeTypes/oak:QueryIndexDefinition/jcr:propertyDefinition[2], node exists: true
createLuceneDocument returned null for path: /jcr:system/jcr:nodeTypes/oak:QueryIndexDefinition/jcr:propertyDefinition[2]
Processing path: /jcr:system/jcr:nodeTypes/oak:QueryIndexDefinition/jcr:propertyDefinition[3], node exists: true
createLuceneDocument returned null for path: /jcr:system/jcr:nodeTypes/oak:QueryIndexDefinition/jcr:propertyDefinition[3]
Processing path: /jcr:system/jcr:nodeTypes/oak:QueryIndexDefinition/jcr:propertyDefinition, node exists: true
createLuceneDocument returned null for path: /jcr:system/jcr:nodeTypes/oak:QueryIndexDefinition/jcr:propertyDefinition
Processing path: /jcr:system/jcr:nodeTypes/rep:Members, node exists: true
createLuceneDocument returned null for path: /jcr:system/jcr:nodeTypes/rep:Members
Processing path: /jcr:system/jcr:nodeTypes/rep:Members/jcr:childNodeDefinition, node exists: true
createLuceneDocument returned null for path: /jcr:system/jcr:nodeTypes/rep:Members/jcr:childNodeDefinition
Processing path: /jcr:system/jcr:nodeTypes/rep:Members/jcr:propertyDefinition, node exists: true
createLuceneDocument returned null for path: /jcr:system/jcr:nodeTypes/rep:Members/jcr:propertyDefinition
Processing path: /jcr:system/jcr:nodeTypes/rep:Restrictions, node exists: true
createLuceneDocument returned null for path: /jcr:system/jcr:nodeTypes/rep:Restrictions
Processing path: /jcr:system/jcr:nodeTypes/rep:Restrictions/jcr:propertyDefinition[2], node exists: true
createLuceneDocument returned null for path: /jcr:system/jcr:nodeTypes/rep:Restrictions/jcr:propertyDefinition[2]
Processing path: /jcr:system/jcr:nodeTypes/rep:Restrictions/jcr:propertyDefinition, node exists: true
createLuceneDocument returned null for path: /jcr:system/jcr:nodeTypes/rep:Restrictions/jcr:propertyDefinition
Processing path: /jcr:system/jcr:nodeTypes/rep:SystemUser, node exists: true
createLuceneDocument returned null for path: /jcr:system/jcr:nodeTypes/rep:SystemUser
Processing path: /jcr:system/jcr:nodeTypes/nt:propertyDefinition, node exists: true
createLuceneDocument returned null for path: /jcr:system/jcr:nodeTypes/nt:propertyDefinition
Processing path: /jcr:system/jcr:nodeTypes/nt:propertyDefinition/jcr:propertyDefinition[4], node exists: true
createLuceneDocument returned null for path: /jcr:system/jcr:nodeTypes/nt:propertyDefinition/jcr:propertyDefinition[4]
Processing path: /jcr:system/jcr:nodeTypes/nt:propertyDefinition/jcr:propertyDefinition[5], node exists: true
createLuceneDocument returned null for path: /jcr:system/jcr:nodeTypes/nt:propertyDefinition/jcr:propertyDefinition[5]
Processing path: /jcr:system/jcr:nodeTypes/nt:propertyDefinition/jcr:propertyDefinition[6], node exists: true
createLuceneDocument returned null for path: /jcr:system/jcr:nodeTypes/nt:propertyDefinition/jcr:propertyDefinition[6]
Processing path: /jcr:system/jcr:nodeTypes/nt:propertyDefinition/jcr:propertyDefinition[12], node exists: true
createLuceneDocument returned null for path: /jcr:system/jcr:nodeTypes/nt:propertyDefinition/jcr:propertyDefinition[12]
Processing path: /jcr:system/jcr:nodeTypes/nt:propertyDefinition/jcr:propertyDefinition[7], node exists: true
createLuceneDocument returned null for path: /jcr:system/jcr:nodeTypes/nt:propertyDefinition/jcr:propertyDefinition[7]
Processing path: /jcr:system/jcr:nodeTypes/nt:propertyDefinition/jcr:propertyDefinition[11], node exists: true
createLuceneDocument returned null for path: /jcr:system/jcr:nodeTypes/nt:propertyDefinition/jcr:propertyDefinition[11]
Processing path: /jcr:system/jcr:nodeTypes/nt:propertyDefinition/jcr:propertyDefinition[10], node exists: true
createLuceneDocument returned null for path: /jcr:system/jcr:nodeTypes/nt:propertyDefinition/jcr:propertyDefinition[10]
Processing path: /jcr:system/jcr:nodeTypes/nt:propertyDefinition/jcr:propertyDefinition[2], node exists: true
createLuceneDocument returned null for path: /jcr:system/jcr:nodeTypes/nt:propertyDefinition/jcr:propertyDefinition[2]
Processing path: /jcr:system/jcr:nodeTypes/nt:propertyDefinition/jcr:propertyDefinition[3], node exists: true
createLuceneDocument returned null for path: /jcr:system/jcr:nodeTypes/nt:propertyDefinition/jcr:propertyDefinition[3]
Processing path: /jcr:system/jcr:nodeTypes/nt:propertyDefinition/jcr:propertyDefinition, node exists: true
createLuceneDocument returned null for path: /jcr:system/jcr:nodeTypes/nt:propertyDefinition/jcr:propertyDefinition
Processing path: /jcr:system/jcr:nodeTypes/nt:propertyDefinition/jcr:propertyDefinition[8], node exists: true
createLuceneDocument returned null for path: /jcr:system/jcr:nodeTypes/nt:propertyDefinition/jcr:propertyDefinition[8]
Processing path: /jcr:system/jcr:nodeTypes/nt:propertyDefinition/jcr:propertyDefinition[9], node exists: true
createLuceneDocument returned null for path: /jcr:system/jcr:nodeTypes/nt:propertyDefinition/jcr:propertyDefinition[9]
Processing path: /jcr:system/jcr:nodeTypes/rep:AccessControllable, node exists: true
createLuceneDocument returned null for path: /jcr:system/jcr:nodeTypes/rep:AccessControllable
Processing path: /jcr:system/jcr:nodeTypes/rep:AccessControllable/jcr:childNodeDefinition, node exists: true
createLuceneDocument returned null for path: /jcr:system/jcr:nodeTypes/rep:AccessControllable/jcr:childNodeDefinition
Processing path: /jcr:system/jcr:nodeTypes/rep:GrantACE, node exists: true
createLuceneDocument returned null for path: /jcr:system/jcr:nodeTypes/rep:GrantACE
Processing path: /jcr:system/jcr:nodeTypes/nt:activity, node exists: true
createLuceneDocument returned null for path: /jcr:system/jcr:nodeTypes/nt:activity
Processing path: /jcr:system/jcr:nodeTypes/nt:activity/jcr:propertyDefinition, node exists: true
createLuceneDocument returned null for path: /jcr:system/jcr:nodeTypes/nt:activity/jcr:propertyDefinition
Processing path: /jcr:system/jcr:nodeTypes/rep:MemberReferencesList, node exists: true
createLuceneDocument returned null for path: /jcr:system/jcr:nodeTypes/rep:MemberReferencesList
Processing path: /jcr:system/jcr:nodeTypes/rep:MemberReferencesList/jcr:childNodeDefinition, node exists: true
createLuceneDocument returned null for path: /jcr:system/jcr:nodeTypes/rep:MemberReferencesList/jcr:childNodeDefinition
Processing path: /jcr:system/jcr:nodeTypes/rep:VersionReference, node exists: true
createLuceneDocument returned null for path: /jcr:system/jcr:nodeTypes/rep:VersionReference
Processing path: /jcr:system/jcr:nodeTypes/rep:VersionReference/jcr:propertyDefinition, node exists: true
createLuceneDocument returned null for path: /jcr:system/jcr:nodeTypes/rep:VersionReference/jcr:propertyDefinition
Processing path: /jcr:system/jcr:nodeTypes/nt:childNodeDefinition, node exists: true
createLuceneDocument returned null for path: /jcr:system/jcr:nodeTypes/nt:childNodeDefinition
Processing path: /jcr:system/jcr:nodeTypes/nt:childNodeDefinition/jcr:propertyDefinition[4], node exists: true
createLuceneDocument returned null for path: /jcr:system/jcr:nodeTypes/nt:childNodeDefinition/jcr:propertyDefinition[4]
Processing path: /jcr:system/jcr:nodeTypes/nt:childNodeDefinition/jcr:propertyDefinition[5], node exists: true
createLuceneDocument returned null for path: /jcr:system/jcr:nodeTypes/nt:childNodeDefinition/jcr:propertyDefinition[5]
Processing path: /jcr:system/jcr:nodeTypes/nt:childNodeDefinition/jcr:propertyDefinition[6], node exists: true
createLuceneDocument returned null for path: /jcr:system/jcr:nodeTypes/nt:childNodeDefinition/jcr:propertyDefinition[6]
Processing path: /jcr:system/jcr:nodeTypes/nt:childNodeDefinition/jcr:propertyDefinition[7], node exists: true
createLuceneDocument returned null for path: /jcr:system/jcr:nodeTypes/nt:childNodeDefinition/jcr:propertyDefinition[7]
Processing path: /jcr:system/jcr:nodeTypes/nt:childNodeDefinition/jcr:propertyDefinition[2], node exists: true
createLuceneDocument returned null for path: /jcr:system/jcr:nodeTypes/nt:childNodeDefinition/jcr:propertyDefinition[2]
Processing path: /jcr:system/jcr:nodeTypes/nt:childNodeDefinition/jcr:propertyDefinition[3], node exists: true
createLuceneDocument returned null for path: /jcr:system/jcr:nodeTypes/nt:childNodeDefinition/jcr:propertyDefinition[3]
Processing path: /jcr:system/jcr:nodeTypes/nt:childNodeDefinition/jcr:propertyDefinition, node exists: true
createLuceneDocument returned null for path: /jcr:system/jcr:nodeTypes/nt:childNodeDefinition/jcr:propertyDefinition
Processing path: /jcr:system/jcr:nodeTypes/nt:childNodeDefinition/jcr:propertyDefinition[8], node exists: true
createLuceneDocument returned null for path: /jcr:system/jcr:nodeTypes/nt:childNodeDefinition/jcr:propertyDefinition[8]
Processing path: /jcr:system/jcr:nodeTypes/rep:Authorizable, node exists: true
createLuceneDocument returned null for path: /jcr:system/jcr:nodeTypes/rep:Authorizable
Processing path: /jcr:system/jcr:nodeTypes/rep:Authorizable/jcr:propertyDefinition[4], node exists: true
createLuceneDocument returned null for path: /jcr:system/jcr:nodeTypes/rep:Authorizable/jcr:propertyDefinition[4]
Processing path: /jcr:system/jcr:nodeTypes/rep:Authorizable/jcr:propertyDefinition[2], node exists: true
createLuceneDocument returned null for path: /jcr:system/jcr:nodeTypes/rep:Authorizable/jcr:propertyDefinition[2]
Processing path: /jcr:system/jcr:nodeTypes/rep:Authorizable/jcr:propertyDefinition[3], node exists: true
createLuceneDocument returned null for path: /jcr:system/jcr:nodeTypes/rep:Authorizable/jcr:propertyDefinition[3]
Processing path: /jcr:system/jcr:nodeTypes/rep:Authorizable/jcr:childNodeDefinition, node exists: true
createLuceneDocument returned null for path: /jcr:system/jcr:nodeTypes/rep:Authorizable/jcr:childNodeDefinition
Processing path: /jcr:system/jcr:nodeTypes/rep:Authorizable/jcr:propertyDefinition, node exists: true
createLuceneDocument returned null for path: /jcr:system/jcr:nodeTypes/rep:Authorizable/jcr:propertyDefinition
Processing path: /jcr:system/jcr:nodeTypes/rep:PropertyDefinitions, node exists: true
createLuceneDocument returned null for path: /jcr:system/jcr:nodeTypes/rep:PropertyDefinitions
Processing path: /jcr:system/jcr:nodeTypes/rep:PropertyDefinitions/jcr:childNodeDefinition, node exists: true
createLuceneDocument returned null for path: /jcr:system/jcr:nodeTypes/rep:PropertyDefinitions/jcr:childNodeDefinition
Processing path: /jcr:system/jcr:nodeTypes/rep:ACE, node exists: true
createLuceneDocument returned null for path: /jcr:system/jcr:nodeTypes/rep:ACE
Processing path: /jcr:system/jcr:nodeTypes/rep:ACE/jcr:propertyDefinition[4], node exists: true
createLuceneDocument returned null for path: /jcr:system/jcr:nodeTypes/rep:ACE/jcr:propertyDefinition[4]
Processing path: /jcr:system/jcr:nodeTypes/rep:ACE/jcr:propertyDefinition[5], node exists: true
createLuceneDocument returned null for path: /jcr:system/jcr:nodeTypes/rep:ACE/jcr:propertyDefinition[5]
Processing path: /jcr:system/jcr:nodeTypes/rep:ACE/jcr:propertyDefinition[2], node exists: true
createLuceneDocument returned null for path: /jcr:system/jcr:nodeTypes/rep:ACE/jcr:propertyDefinition[2]
Processing path: /jcr:system/jcr:nodeTypes/rep:ACE/jcr:propertyDefinition[3], node exists: true
createLuceneDocument returned null for path: /jcr:system/jcr:nodeTypes/rep:ACE/jcr:propertyDefinition[3]
Processing path: /jcr:system/jcr:nodeTypes/rep:ACE/jcr:childNodeDefinition, node exists: true
createLuceneDocument returned null for path: /jcr:system/jcr:nodeTypes/rep:ACE/jcr:childNodeDefinition
Processing path: /jcr:system/jcr:nodeTypes/rep:ACE/jcr:propertyDefinition, node exists: true
createLuceneDocument returned null for path: /jcr:system/jcr:nodeTypes/rep:ACE/jcr:propertyDefinition
Processing path: /jcr:system/jcr:nodeTypes/rep:Password, node exists: true
createLuceneDocument returned null for path: /jcr:system/jcr:nodeTypes/rep:Password
Processing path: /jcr:system/jcr:nodeTypes/rep:Password/jcr:propertyDefinition[2], node exists: true
createLuceneDocument returned null for path: /jcr:system/jcr:nodeTypes/rep:Password/jcr:propertyDefinition[2]
Processing path: /jcr:system/jcr:nodeTypes/rep:Password/jcr:propertyDefinition, node exists: true
createLuceneDocument returned null for path: /jcr:system/jcr:nodeTypes/rep:Password/jcr:propertyDefinition
Processing path: /jcr:system/jcr:nodeTypes/rep:Cache, node exists: true
createLuceneDocument returned null for path: /jcr:system/jcr:nodeTypes/rep:Cache
Processing path: /jcr:system/jcr:nodeTypes/rep:Cache/jcr:propertyDefinition, node exists: true
createLuceneDocument returned null for path: /jcr:system/jcr:nodeTypes/rep:Cache/jcr:propertyDefinition
Processing path: /jcr:system/jcr:nodeTypes/rep:ChildNodeDefinition, node exists: true
createLuceneDocument returned null for path: /jcr:system/jcr:nodeTypes/rep:ChildNodeDefinition
Processing path: /jcr:system/jcr:nodeTypes/rep:ChildNodeDefinition/jcr:propertyDefinition, node exists: true
createLuceneDocument returned null for path: /jcr:system/jcr:nodeTypes/rep:ChildNodeDefinition/jcr:propertyDefinition
Processing path: /jcr:system/jcr:nodeTypes/rep:ACL, node exists: true
createLuceneDocument returned null for path: /jcr:system/jcr:nodeTypes/rep:ACL
Processing path: /jcr:system/jcr:nodeTypes/rep:ACL/jcr:childNodeDefinition, node exists: true
createLuceneDocument returned null for path: /jcr:system/jcr:nodeTypes/rep:ACL/jcr:childNodeDefinition
Processing path: /jcr:system/jcr:nodeTypes/rep:VersionablePaths, node exists: true
createLuceneDocument returned null for path: /jcr:system/jcr:nodeTypes/rep:VersionablePaths
Processing path: /jcr:system/jcr:nodeTypes/rep:VersionablePaths/jcr:propertyDefinition, node exists: true
createLuceneDocument returned null for path: /jcr:system/jcr:nodeTypes/rep:VersionablePaths/jcr:propertyDefinition
Processing path: /jcr:system/jcr:nodeTypes/nt:unstructured, node exists: true
createLuceneDocument returned null for path: /jcr:system/jcr:nodeTypes/nt:unstructured
Processing path: /jcr:system/jcr:nodeTypes/nt:unstructured/jcr:propertyDefinition[2], node exists: true
createLuceneDocument returned null for path: /jcr:system/jcr:nodeTypes/nt:unstructured/jcr:propertyDefinition[2]
Processing path: /jcr:system/jcr:nodeTypes/nt:unstructured/jcr:childNodeDefinition, node exists: true
createLuceneDocument returned null for path: /jcr:system/jcr:nodeTypes/nt:unstructured/jcr:childNodeDefinition
Processing path: /jcr:system/jcr:nodeTypes/nt:unstructured/jcr:propertyDefinition, node exists: true
createLuceneDocument returned null for path: /jcr:system/jcr:nodeTypes/nt:unstructured/jcr:propertyDefinition
Processing path: /jcr:system/jcr:nodeTypes/mix:created, node exists: true
createLuceneDocument returned null for path: /jcr:system/jcr:nodeTypes/mix:created
Processing path: /jcr:system/jcr:nodeTypes/mix:created/jcr:propertyDefinition[2], node exists: true
createLuceneDocument returned null for path: /jcr:system/jcr:nodeTypes/mix:created/jcr:propertyDefinition[2]
Processing path: /jcr:system/jcr:nodeTypes/mix:created/jcr:propertyDefinition, node exists: true
createLuceneDocument returned null for path: /jcr:system/jcr:nodeTypes/mix:created/jcr:propertyDefinition
Processing path: /jcr:system/jcr:nodeTypes/mix:shareable, node exists: true
createLuceneDocument returned null for path: /jcr:system/jcr:nodeTypes/mix:shareable
Processing path: /jcr:system/jcr:nodeTypes/nt:version, node exists: true
createLuceneDocument returned null for path: /jcr:system/jcr:nodeTypes/nt:version
Processing path: /jcr:system/jcr:nodeTypes/nt:version/jcr:propertyDefinition[4], node exists: true
createLuceneDocument returned null for path: /jcr:system/jcr:nodeTypes/nt:version/jcr:propertyDefinition[4]
Processing path: /jcr:system/jcr:nodeTypes/nt:version/jcr:propertyDefinition[2], node exists: true
createLuceneDocument returned null for path: /jcr:system/jcr:nodeTypes/nt:version/jcr:propertyDefinition[2]
Processing path: /jcr:system/jcr:nodeTypes/nt:version/jcr:propertyDefinition[3], node exists: true
createLuceneDocument returned null for path: /jcr:system/jcr:nodeTypes/nt:version/jcr:propertyDefinition[3]
Processing path: /jcr:system/jcr:nodeTypes/nt:version/jcr:childNodeDefinition, node exists: true
createLuceneDocument returned null for path: /jcr:system/jcr:nodeTypes/nt:version/jcr:childNodeDefinition
Processing path: /jcr:system/jcr:nodeTypes/nt:version/jcr:propertyDefinition, node exists: true
createLuceneDocument returned null for path: /jcr:system/jcr:nodeTypes/nt:version/jcr:propertyDefinition
Processing path: /jcr:system/jcr:nodeTypes/rep:RepoAccessControllable, node exists: true
createLuceneDocument returned null for path: /jcr:system/jcr:nodeTypes/rep:RepoAccessControllable
Processing path: /jcr:system/jcr:nodeTypes/rep:RepoAccessControllable/jcr:childNodeDefinition, node exists: true
createLuceneDocument returned null for path: /jcr:system/jcr:nodeTypes/rep:RepoAccessControllable/jcr:childNodeDefinition
Processing path: /jcr:system/jcr:nodeTypes/rep:AuthorizableFolder, node exists: true
createLuceneDocument returned null for path: /jcr:system/jcr:nodeTypes/rep:AuthorizableFolder
Processing path: /jcr:system/jcr:nodeTypes/rep:AuthorizableFolder/jcr:childNodeDefinition, node exists: true
createLuceneDocument returned null for path: /jcr:system/jcr:nodeTypes/rep:AuthorizableFolder/jcr:childNodeDefinition
Processing path: /jcr:system/jcr:nodeTypes/rep:AuthorizableFolder/jcr:childNodeDefinition[2], node exists: true
createLuceneDocument returned null for path: /jcr:system/jcr:nodeTypes/rep:AuthorizableFolder/jcr:childNodeDefinition[2]
Processing path: /jcr:system/jcr:nodeTypes/dam:Asset, node exists: true
createLuceneDocument returned null for path: /jcr:system/jcr:nodeTypes/dam:Asset
Processing path: /jcr:system/jcr:nodeTypes/dam:Asset/jcr:propertyDefinition[2], node exists: true
createLuceneDocument returned null for path: /jcr:system/jcr:nodeTypes/dam:Asset/jcr:propertyDefinition[2]
Processing path: /jcr:system/jcr:nodeTypes/dam:Asset/jcr:childNodeDefinition, node exists: true
createLuceneDocument returned null for path: /jcr:system/jcr:nodeTypes/dam:Asset/jcr:childNodeDefinition
Processing path: /jcr:system/jcr:nodeTypes/dam:Asset/jcr:propertyDefinition, node exists: true
createLuceneDocument returned null for path: /jcr:system/jcr:nodeTypes/dam:Asset/jcr:propertyDefinition
Processing path: /jcr:system/jcr:nodeTypes/dam:Asset/jcr:childNodeDefinition[2], node exists: true
createLuceneDocument returned null for path: /jcr:system/jcr:nodeTypes/dam:Asset/jcr:childNodeDefinition[2]
Processing path: /jcr:system/jcr:nodeTypes/mix:versionable, node exists: true
createLuceneDocument returned null for path: /jcr:system/jcr:nodeTypes/mix:versionable
Processing path: /jcr:system/jcr:nodeTypes/mix:versionable/jcr:propertyDefinition[4], node exists: true
createLuceneDocument returned null for path: /jcr:system/jcr:nodeTypes/mix:versionable/jcr:propertyDefinition[4]
Processing path: /jcr:system/jcr:nodeTypes/mix:versionable/jcr:propertyDefinition[5], node exists: true
createLuceneDocument returned null for path: /jcr:system/jcr:nodeTypes/mix:versionable/jcr:propertyDefinition[5]
Processing path: /jcr:system/jcr:nodeTypes/mix:versionable/jcr:propertyDefinition[6], node exists: true
createLuceneDocument returned null for path: /jcr:system/jcr:nodeTypes/mix:versionable/jcr:propertyDefinition[6]
Processing path: /jcr:system/jcr:nodeTypes/mix:versionable/jcr:propertyDefinition[2], node exists: true
createLuceneDocument returned null for path: /jcr:system/jcr:nodeTypes/mix:versionable/jcr:propertyDefinition[2]
Processing path: /jcr:system/jcr:nodeTypes/mix:versionable/jcr:propertyDefinition[3], node exists: true
createLuceneDocument returned null for path: /jcr:system/jcr:nodeTypes/mix:versionable/jcr:propertyDefinition[3]
Processing path: /jcr:system/jcr:nodeTypes/mix:versionable/jcr:propertyDefinition, node exists: true
createLuceneDocument returned null for path: /jcr:system/jcr:nodeTypes/mix:versionable/jcr:propertyDefinition
Processing path: /jcr:system/jcr:nodeTypes/rep:UnstructuredProtected, node exists: true
createLuceneDocument returned null for path: /jcr:system/jcr:nodeTypes/rep:UnstructuredProtected
Processing path: /jcr:system/jcr:nodeTypes/rep:UnstructuredProtected/jcr:propertyDefinition[2], node exists: true
createLuceneDocument returned null for path: /jcr:system/jcr:nodeTypes/rep:UnstructuredProtected/jcr:propertyDefinition[2]
Processing path: /jcr:system/jcr:nodeTypes/rep:UnstructuredProtected/jcr:childNodeDefinition, node exists: true
createLuceneDocument returned null for path: /jcr:system/jcr:nodeTypes/rep:UnstructuredProtected/jcr:childNodeDefinition
Processing path: /jcr:system/jcr:nodeTypes/rep:UnstructuredProtected/jcr:propertyDefinition, node exists: true
createLuceneDocument returned null for path: /jcr:system/jcr:nodeTypes/rep:UnstructuredProtected/jcr:propertyDefinition
Processing path: /jcr:system/jcr:nodeTypes/mix:referenceable, node exists: true
createLuceneDocument returned null for path: /jcr:system/jcr:nodeTypes/mix:referenceable
Processing path: /jcr:system/jcr:nodeTypes/mix:referenceable/jcr:propertyDefinition, node exists: true
createLuceneDocument returned null for path: /jcr:system/jcr:nodeTypes/mix:referenceable/jcr:propertyDefinition
Processing path: /jcr:system/jcr:nodeTypes/mix:lifecycle, node exists: true
createLuceneDocument returned null for path: /jcr:system/jcr:nodeTypes/mix:lifecycle
Processing path: /jcr:system/jcr:nodeTypes/mix:lifecycle/jcr:propertyDefinition[2], node exists: true
createLuceneDocument returned null for path: /jcr:system/jcr:nodeTypes/mix:lifecycle/jcr:propertyDefinition[2]
Processing path: /jcr:system/jcr:nodeTypes/mix:lifecycle/jcr:propertyDefinition, node exists: true
createLuceneDocument returned null for path: /jcr:system/jcr:nodeTypes/mix:lifecycle/jcr:propertyDefinition
Processing path: /jcr:system/jcr:nodeTypes/nt:frozenNode, node exists: true
createLuceneDocument returned null for path: /jcr:system/jcr:nodeTypes/nt:frozenNode
Processing path: /jcr:system/jcr:nodeTypes/nt:frozenNode/jcr:propertyDefinition[4], node exists: true
createLuceneDocument returned null for path: /jcr:system/jcr:nodeTypes/nt:frozenNode/jcr:propertyDefinition[4]
Processing path: /jcr:system/jcr:nodeTypes/nt:frozenNode/jcr:propertyDefinition[5], node exists: true
createLuceneDocument returned null for path: /jcr:system/jcr:nodeTypes/nt:frozenNode/jcr:propertyDefinition[5]
Processing path: /jcr:system/jcr:nodeTypes/nt:frozenNode/jcr:propertyDefinition[2], node exists: true
createLuceneDocument returned null for path: /jcr:system/jcr:nodeTypes/nt:frozenNode/jcr:propertyDefinition[2]
Processing path: /jcr:system/jcr:nodeTypes/nt:frozenNode/jcr:propertyDefinition[3], node exists: true
createLuceneDocument returned null for path: /jcr:system/jcr:nodeTypes/nt:frozenNode/jcr:propertyDefinition[3]
Processing path: /jcr:system/jcr:nodeTypes/nt:frozenNode/jcr:childNodeDefinition, node exists: true
createLuceneDocument returned null for path: /jcr:system/jcr:nodeTypes/nt:frozenNode/jcr:childNodeDefinition
Processing path: /jcr:system/jcr:nodeTypes/nt:frozenNode/jcr:propertyDefinition, node exists: true
createLuceneDocument returned null for path: /jcr:system/jcr:nodeTypes/nt:frozenNode/jcr:propertyDefinition
Processing path: /jcr:system/jcr:nodeTypes/rep:PropertyDefinition, node exists: true
createLuceneDocument returned null for path: /jcr:system/jcr:nodeTypes/rep:PropertyDefinition
Processing path: /jcr:system/jcr:nodeTypes/rep:PropertyDefinition/jcr:propertyDefinition, node exists: true
createLuceneDocument returned null for path: /jcr:system/jcr:nodeTypes/rep:PropertyDefinition/jcr:propertyDefinition
Processing path: /jcr:system/jcr:nodeTypes/rep:nodeTypes, node exists: true
createLuceneDocument returned null for path: /jcr:system/jcr:nodeTypes/rep:nodeTypes
Processing path: /jcr:system/jcr:nodeTypes/rep:nodeTypes/jcr:childNodeDefinition, node exists: true
createLuceneDocument returned null for path: /jcr:system/jcr:nodeTypes/rep:nodeTypes/jcr:childNodeDefinition
Processing path: /jcr:system/jcr:nodeTypes/rep:AccessControl, node exists: true
createLuceneDocument returned null for path: /jcr:system/jcr:nodeTypes/rep:AccessControl
Processing path: /jcr:system/jcr:nodeTypes/rep:AccessControl/jcr:childNodeDefinition, node exists: true
createLuceneDocument returned null for path: /jcr:system/jcr:nodeTypes/rep:AccessControl/jcr:childNodeDefinition
Processing path: /jcr:system/jcr:nodeTypes/rep:AccessControl/jcr:childNodeDefinition[2], node exists: true
createLuceneDocument returned null for path: /jcr:system/jcr:nodeTypes/rep:AccessControl/jcr:childNodeDefinition[2]
Processing path: /jcr:system/jcr:nodeTypes/dam:AssetContent, node exists: true
createLuceneDocument returned null for path: /jcr:system/jcr:nodeTypes/dam:AssetContent
Processing path: /jcr:system/jcr:nodeTypes/dam:AssetContent/jcr:propertyDefinition[2], node exists: true
createLuceneDocument returned null for path: /jcr:system/jcr:nodeTypes/dam:AssetContent/jcr:propertyDefinition[2]
Processing path: /jcr:system/jcr:nodeTypes/dam:AssetContent/jcr:childNodeDefinition, node exists: true
createLuceneDocument returned null for path: /jcr:system/jcr:nodeTypes/dam:AssetContent/jcr:childNodeDefinition
Processing path: /jcr:system/jcr:nodeTypes/dam:AssetContent/jcr:propertyDefinition, node exists: true
createLuceneDocument returned null for path: /jcr:system/jcr:nodeTypes/dam:AssetContent/jcr:propertyDefinition
Processing path: /jcr:system/jcr:nodeTypes/dam:AssetContent/jcr:childNodeDefinition[2], node exists: true
createLuceneDocument returned null for path: /jcr:system/jcr:nodeTypes/dam:AssetContent/jcr:childNodeDefinition[2]
Processing path: /jcr:system/jcr:nodeTypes/nt:base, node exists: true
createLuceneDocument returned null for path: /jcr:system/jcr:nodeTypes/nt:base
Processing path: /jcr:system/jcr:nodeTypes/nt:base/jcr:propertyDefinition[2], node exists: true
createLuceneDocument returned null for path: /jcr:system/jcr:nodeTypes/nt:base/jcr:propertyDefinition[2]
Processing path: /jcr:system/jcr:nodeTypes/nt:base/jcr:propertyDefinition, node exists: true
createLuceneDocument returned null for path: /jcr:system/jcr:nodeTypes/nt:base/jcr:propertyDefinition
Processing path: /jcr:system/jcr:nodeTypes/rep:User, node exists: true
createLuceneDocument returned null for path: /jcr:system/jcr:nodeTypes/rep:User
Processing path: /jcr:system/jcr:nodeTypes/rep:User/jcr:propertyDefinition[2], node exists: true
createLuceneDocument returned null for path: /jcr:system/jcr:nodeTypes/rep:User/jcr:propertyDefinition[2]
Processing path: /jcr:system/jcr:nodeTypes/rep:User/jcr:childNodeDefinition, node exists: true
createLuceneDocument returned null for path: /jcr:system/jcr:nodeTypes/rep:User/jcr:childNodeDefinition
Processing path: /jcr:system/jcr:nodeTypes/rep:User/jcr:propertyDefinition, node exists: true
createLuceneDocument returned null for path: /jcr:system/jcr:nodeTypes/rep:User/jcr:propertyDefinition
Processing path: /jcr:system/jcr:nodeTypes/rep:versionStorage, node exists: true
createLuceneDocument returned null for path: /jcr:system/jcr:nodeTypes/rep:versionStorage
Processing path: /jcr:system/jcr:nodeTypes/rep:versionStorage/jcr:propertyDefinition[2], node exists: true
createLuceneDocument returned null for path: /jcr:system/jcr:nodeTypes/rep:versionStorage/jcr:propertyDefinition[2]
Processing path: /jcr:system/jcr:nodeTypes/rep:versionStorage/jcr:childNodeDefinition, node exists: true
createLuceneDocument returned null for path: /jcr:system/jcr:nodeTypes/rep:versionStorage/jcr:childNodeDefinition
Processing path: /jcr:system/jcr:nodeTypes/rep:versionStorage/jcr:propertyDefinition, node exists: true
createLuceneDocument returned null for path: /jcr:system/jcr:nodeTypes/rep:versionStorage/jcr:propertyDefinition
Processing path: /jcr:system/jcr:nodeTypes/rep:versionStorage/jcr:childNodeDefinition[2], node exists: true
createLuceneDocument returned null for path: /jcr:system/jcr:nodeTypes/rep:versionStorage/jcr:childNodeDefinition[2]
Processing path: /jcr:system/jcr:nodeTypes/rep:root, node exists: true
createLuceneDocument returned null for path: /jcr:system/jcr:nodeTypes/rep:root
Processing path: /jcr:system/jcr:nodeTypes/rep:root/jcr:childNodeDefinition, node exists: true
createLuceneDocument returned null for path: /jcr:system/jcr:nodeTypes/rep:root/jcr:childNodeDefinition
Processing path: /jcr:system/jcr:nodeTypes/nt:hierarchyNode, node exists: true
createLuceneDocument returned null for path: /jcr:system/jcr:nodeTypes/nt:hierarchyNode
Processing path: /jcr:system/jcr:nodeTypes/nt:versionLabels, node exists: true
createLuceneDocument returned null for path: /jcr:system/jcr:nodeTypes/nt:versionLabels
Processing path: /jcr:system/jcr:nodeTypes/nt:versionLabels/jcr:propertyDefinition, node exists: true
createLuceneDocument returned null for path: /jcr:system/jcr:nodeTypes/nt:versionLabels/jcr:propertyDefinition
Processing path: /jcr:system/jcr:nodeTypes/rep:Permissions, node exists: true
createLuceneDocument returned null for path: /jcr:system/jcr:nodeTypes/rep:Permissions
Processing path: /jcr:system/jcr:nodeTypes/rep:Permissions/jcr:propertyDefinition[2], node exists: true
createLuceneDocument returned null for path: /jcr:system/jcr:nodeTypes/rep:Permissions/jcr:propertyDefinition[2]
Processing path: /jcr:system/jcr:nodeTypes/rep:Permissions/jcr:childNodeDefinition, node exists: true
createLuceneDocument returned null for path: /jcr:system/jcr:nodeTypes/rep:Permissions/jcr:childNodeDefinition
Processing path: /jcr:system/jcr:nodeTypes/rep:Permissions/jcr:propertyDefinition, node exists: true
createLuceneDocument returned null for path: /jcr:system/jcr:nodeTypes/rep:Permissions/jcr:propertyDefinition
Processing path: /jcr:system/jcr:nodeTypes/oak:Unstructured, node exists: true
createLuceneDocument returned null for path: /jcr:system/jcr:nodeTypes/oak:Unstructured
Processing path: /jcr:system/jcr:nodeTypes/oak:Unstructured/jcr:propertyDefinition[2], node exists: true
createLuceneDocument returned null for path: /jcr:system/jcr:nodeTypes/oak:Unstructured/jcr:propertyDefinition[2]
Processing path: /jcr:system/jcr:nodeTypes/oak:Unstructured/jcr:childNodeDefinition, node exists: true
createLuceneDocument returned null for path: /jcr:system/jcr:nodeTypes/oak:Unstructured/jcr:childNodeDefinition
Processing path: /jcr:system/jcr:nodeTypes/oak:Unstructured/jcr:propertyDefinition, node exists: true
createLuceneDocument returned null for path: /jcr:system/jcr:nodeTypes/oak:Unstructured/jcr:propertyDefinition
Processing path: /jcr:system/jcr:nodeTypes/nt:versionHistory, node exists: true
createLuceneDocument returned null for path: /jcr:system/jcr:nodeTypes/nt:versionHistory
Processing path: /jcr:system/jcr:nodeTypes/nt:versionHistory/jcr:propertyDefinition[2], node exists: true
createLuceneDocument returned null for path: /jcr:system/jcr:nodeTypes/nt:versionHistory/jcr:propertyDefinition[2]
Processing path: /jcr:system/jcr:nodeTypes/nt:versionHistory/jcr:childNodeDefinition, node exists: true
createLuceneDocument returned null for path: /jcr:system/jcr:nodeTypes/nt:versionHistory/jcr:childNodeDefinition
Processing path: /jcr:system/jcr:nodeTypes/nt:versionHistory/jcr:childNodeDefinition[3], node exists: true
createLuceneDocument returned null for path: /jcr:system/jcr:nodeTypes/nt:versionHistory/jcr:childNodeDefinition[3]
Processing path: /jcr:system/jcr:nodeTypes/nt:versionHistory/jcr:propertyDefinition, node exists: true
createLuceneDocument returned null for path: /jcr:system/jcr:nodeTypes/nt:versionHistory/jcr:propertyDefinition
Processing path: /jcr:system/jcr:nodeTypes/nt:versionHistory/jcr:childNodeDefinition[2], node exists: true
createLuceneDocument returned null for path: /jcr:system/jcr:nodeTypes/nt:versionHistory/jcr:childNodeDefinition[2]
Processing path: /jcr:system/jcr:nodeTypes/oak:Resource, node exists: true
createLuceneDocument returned null for path: /jcr:system/jcr:nodeTypes/oak:Resource
Processing path: /jcr:system/jcr:nodeTypes/oak:Resource/jcr:propertyDefinition, node exists: true
createLuceneDocument returned null for path: /jcr:system/jcr:nodeTypes/oak:Resource/jcr:propertyDefinition
Processing path: /jcr:system/jcr:nodeTypes/nt:linkedFile, node exists: true
createLuceneDocument returned null for path: /jcr:system/jcr:nodeTypes/nt:linkedFile
Processing path: /jcr:system/jcr:nodeTypes/nt:linkedFile/jcr:propertyDefinition, node exists: true
createLuceneDocument returned null for path: /jcr:system/jcr:nodeTypes/nt:linkedFile/jcr:propertyDefinition
Processing path: /jcr:system/jcr:nodeTypes/rep:Privileges, node exists: true
createLuceneDocument returned null for path: /jcr:system/jcr:nodeTypes/rep:Privileges
Processing path: /jcr:system/jcr:nodeTypes/rep:Privileges/jcr:childNodeDefinition, node exists: true
createLuceneDocument returned null for path: /jcr:system/jcr:nodeTypes/rep:Privileges/jcr:childNodeDefinition
Processing path: /jcr:system/jcr:nodeTypes/rep:Privileges/jcr:propertyDefinition, node exists: true
createLuceneDocument returned null for path: /jcr:system/jcr:nodeTypes/rep:Privileges/jcr:propertyDefinition
Processing path: /jcr:system/jcr:nodeTypes/mix:title, node exists: true
createLuceneDocument returned null for path: /jcr:system/jcr:nodeTypes/mix:title
Processing path: /jcr:system/jcr:nodeTypes/mix:title/jcr:propertyDefinition[2], node exists: true
createLuceneDocument returned null for path: /jcr:system/jcr:nodeTypes/mix:title/jcr:propertyDefinition[2]
Processing path: /jcr:system/jcr:nodeTypes/mix:title/jcr:propertyDefinition, node exists: true
createLuceneDocument returned null for path: /jcr:system/jcr:nodeTypes/mix:title/jcr:propertyDefinition
Processing path: /jcr:system/jcr:nodeTypes/nt:configuration, node exists: true
createLuceneDocument returned null for path: /jcr:system/jcr:nodeTypes/nt:configuration
Processing path: /jcr:system/jcr:nodeTypes/nt:configuration/jcr:propertyDefinition, node exists: true
createLuceneDocument returned null for path: /jcr:system/jcr:nodeTypes/nt:configuration/jcr:propertyDefinition
Processing path: /jcr:system/jcr:nodeTypes/mix:lockable, node exists: true
createLuceneDocument returned null for path: /jcr:system/jcr:nodeTypes/mix:lockable
Processing path: /jcr:system/jcr:nodeTypes/mix:lockable/jcr:propertyDefinition[2], node exists: true
createLuceneDocument returned null for path: /jcr:system/jcr:nodeTypes/mix:lockable/jcr:propertyDefinition[2]
Processing path: /jcr:system/jcr:nodeTypes/mix:lockable/jcr:propertyDefinition, node exists: true
createLuceneDocument returned null for path: /jcr:system/jcr:nodeTypes/mix:lockable/jcr:propertyDefinition
Processing path: /jcr:system/jcr:nodeTypes/rep:system, node exists: true
createLuceneDocument returned null for path: /jcr:system/jcr:nodeTypes/rep:system
Processing path: /jcr:system/jcr:nodeTypes/rep:system/jcr:childNodeDefinition, node exists: true
createLuceneDocument returned null for path: /jcr:system/jcr:nodeTypes/rep:system/jcr:childNodeDefinition
Processing path: /jcr:system/jcr:nodeTypes/rep:system/jcr:childNodeDefinition[3], node exists: true
createLuceneDocument returned null for path: /jcr:system/jcr:nodeTypes/rep:system/jcr:childNodeDefinition[3]
Processing path: /jcr:system/jcr:nodeTypes/rep:system/jcr:childNodeDefinition[4], node exists: true
createLuceneDocument returned null for path: /jcr:system/jcr:nodeTypes/rep:system/jcr:childNodeDefinition[4]
Processing path: /jcr:system/jcr:nodeTypes/rep:system/jcr:childNodeDefinition[2], node exists: true
createLuceneDocument returned null for path: /jcr:system/jcr:nodeTypes/rep:system/jcr:childNodeDefinition[2]
Processing path: /jcr:system/jcr:nodeTypes/rep:system/jcr:childNodeDefinition[5], node exists: true
createLuceneDocument returned null for path: /jcr:system/jcr:nodeTypes/rep:system/jcr:childNodeDefinition[5]
Processing path: /jcr:system/jcr:nodeTypes/rep:system/jcr:childNodeDefinition[6], node exists: true
createLuceneDocument returned null for path: /jcr:system/jcr:nodeTypes/rep:system/jcr:childNodeDefinition[6]
Processing path: /jcr:system/jcr:nodeTypes/nt:folder, node exists: true
createLuceneDocument returned null for path: /jcr:system/jcr:nodeTypes/nt:folder
Processing path: /jcr:system/jcr:nodeTypes/nt:folder/jcr:childNodeDefinition, node exists: true
createLuceneDocument returned null for path: /jcr:system/jcr:nodeTypes/nt:folder/jcr:childNodeDefinition
Processing path: /jcr:system/jcr:nodeTypes/rep:DenyACE, node exists: true
createLuceneDocument returned null for path: /jcr:system/jcr:nodeTypes/rep:DenyACE
Processing path: /jcr:system/jcr:nodeTypes/mix:lastModified, node exists: true
createLuceneDocument returned null for path: /jcr:system/jcr:nodeTypes/mix:lastModified
Processing path: /jcr:system/jcr:nodeTypes/mix:lastModified/jcr:propertyDefinition[2], node exists: true
createLuceneDocument returned null for path: /jcr:system/jcr:nodeTypes/mix:lastModified/jcr:propertyDefinition[2]
Processing path: /jcr:system/jcr:nodeTypes/mix:lastModified/jcr:propertyDefinition, node exists: true
createLuceneDocument returned null for path: /jcr:system/jcr:nodeTypes/mix:lastModified/jcr:propertyDefinition
Processing path: /jcr:system/jcr:nodeTypes/rep:PermissionStore, node exists: true
createLuceneDocument returned null for path: /jcr:system/jcr:nodeTypes/rep:PermissionStore
Processing path: /jcr:system/jcr:nodeTypes/rep:PermissionStore/jcr:propertyDefinition[2], node exists: true
createLuceneDocument returned null for path: /jcr:system/jcr:nodeTypes/rep:PermissionStore/jcr:propertyDefinition[2]
Processing path: /jcr:system/jcr:nodeTypes/rep:PermissionStore/jcr:propertyDefinition[3], node exists: true
createLuceneDocument returned null for path: /jcr:system/jcr:nodeTypes/rep:PermissionStore/jcr:propertyDefinition[3]
Processing path: /jcr:system/jcr:nodeTypes/rep:PermissionStore/jcr:childNodeDefinition, node exists: true
createLuceneDocument returned null for path: /jcr:system/jcr:nodeTypes/rep:PermissionStore/jcr:childNodeDefinition
Processing path: /jcr:system/jcr:nodeTypes/rep:PermissionStore/jcr:propertyDefinition, node exists: true
createLuceneDocument returned null for path: /jcr:system/jcr:nodeTypes/rep:PermissionStore/jcr:propertyDefinition
Processing path: /jcr:system/jcr:nodeTypes/rep:PermissionStore/jcr:childNodeDefinition[2], node exists: true
createLuceneDocument returned null for path: /jcr:system/jcr:nodeTypes/rep:PermissionStore/jcr:childNodeDefinition[2]
Processing path: /jcr:system/jcr:nodeTypes/rep:Configurations, node exists: true
createLuceneDocument returned null for path: /jcr:system/jcr:nodeTypes/rep:Configurations
Processing path: /jcr:system/jcr:nodeTypes/rep:Configurations/jcr:childNodeDefinition, node exists: true
createLuceneDocument returned null for path: /jcr:system/jcr:nodeTypes/rep:Configurations/jcr:childNodeDefinition
Processing path: /jcr:system/jcr:nodeTypes/rep:Configurations/jcr:childNodeDefinition[2], node exists: true
createLuceneDocument returned null for path: /jcr:system/jcr:nodeTypes/rep:Configurations/jcr:childNodeDefinition[2]
Processing path: /jcr:system/jcr:nodeTypes/mix:simpleVersionable, node exists: true
createLuceneDocument returned null for path: /jcr:system/jcr:nodeTypes/mix:simpleVersionable
Processing path: /jcr:system/jcr:nodeTypes/mix:simpleVersionable/jcr:propertyDefinition, node exists: true
createLuceneDocument returned null for path: /jcr:system/jcr:nodeTypes/mix:simpleVersionable/jcr:propertyDefinition
Processing path: /jcr:system/jcr:nodeTypes/nt:versionedChild, node exists: true
createLuceneDocument returned null for path: /jcr:system/jcr:nodeTypes/nt:versionedChild
Processing path: /jcr:system/jcr:nodeTypes/nt:versionedChild/jcr:propertyDefinition, node exists: true
createLuceneDocument returned null for path: /jcr:system/jcr:nodeTypes/nt:versionedChild/jcr:propertyDefinition
Processing path: /jcr:system/jcr:nodeTypes/rep:Activities, node exists: true
createLuceneDocument returned null for path: /jcr:system/jcr:nodeTypes/rep:Activities
Processing path: /jcr:system/jcr:nodeTypes/rep:Activities/jcr:childNodeDefinition, node exists: true
createLuceneDocument returned null for path: /jcr:system/jcr:nodeTypes/rep:Activities/jcr:childNodeDefinition
Processing path: /jcr:system/jcr:nodeTypes/rep:Activities/jcr:childNodeDefinition[2], node exists: true
createLuceneDocument returned null for path: /jcr:system/jcr:nodeTypes/rep:Activities/jcr:childNodeDefinition[2]
Processing path: /jcr:system/jcr:nodeTypes/rep:Group, node exists: true
createLuceneDocument returned null for path: /jcr:system/jcr:nodeTypes/rep:Group
Processing path: /jcr:system/jcr:nodeTypes/rep:Group/jcr:childNodeDefinition, node exists: true
createLuceneDocument returned null for path: /jcr:system/jcr:nodeTypes/rep:Group/jcr:childNodeDefinition
Processing path: /jcr:system/jcr:nodeTypes/rep:Group/jcr:childNodeDefinition[2], node exists: true
createLuceneDocument returned null for path: /jcr:system/jcr:nodeTypes/rep:Group/jcr:childNodeDefinition[2]
Processing path: /jcr:system/jcr:nodeTypes/nt:query, node exists: true
createLuceneDocument returned null for path: /jcr:system/jcr:nodeTypes/nt:query
Processing path: /jcr:system/jcr:nodeTypes/nt:query/jcr:propertyDefinition[2], node exists: true
createLuceneDocument returned null for path: /jcr:system/jcr:nodeTypes/nt:query/jcr:propertyDefinition[2]
Processing path: /jcr:system/jcr:nodeTypes/nt:query/jcr:propertyDefinition, node exists: true
createLuceneDocument returned null for path: /jcr:system/jcr:nodeTypes/nt:query/jcr:propertyDefinition
Processing path: /jcr:system/jcr:nodeTypes/rep:RetentionManageable, node exists: true
createLuceneDocument returned null for path: /jcr:system/jcr:nodeTypes/rep:RetentionManageable
Processing path: /jcr:system/jcr:nodeTypes/rep:RetentionManageable/jcr:propertyDefinition[2], node exists: true
createLuceneDocument returned null for path: /jcr:system/jcr:nodeTypes/rep:RetentionManageable/jcr:propertyDefinition[2]
Processing path: /jcr:system/jcr:nodeTypes/rep:RetentionManageable/jcr:propertyDefinition, node exists: true
createLuceneDocument returned null for path: /jcr:system/jcr:nodeTypes/rep:RetentionManageable/jcr:propertyDefinition
Processing path: /jcr:system/jcr:nodeTypes/rep:Token, node exists: true
createLuceneDocument returned null for path: /jcr:system/jcr:nodeTypes/rep:Token
Processing path: /jcr:system/jcr:nodeTypes/rep:Token/jcr:propertyDefinition[4], node exists: true
createLuceneDocument returned null for path: /jcr:system/jcr:nodeTypes/rep:Token/jcr:propertyDefinition[4]
Processing path: /jcr:system/jcr:nodeTypes/rep:Token/jcr:propertyDefinition[2], node exists: true
createLuceneDocument returned null for path: /jcr:system/jcr:nodeTypes/rep:Token/jcr:propertyDefinition[2]
Processing path: /jcr:system/jcr:nodeTypes/rep:Token/jcr:propertyDefinition[3], node exists: true
createLuceneDocument returned null for path: /jcr:system/jcr:nodeTypes/rep:Token/jcr:propertyDefinition[3]
Processing path: /jcr:system/jcr:nodeTypes/rep:Token/jcr:propertyDefinition, node exists: true
createLuceneDocument returned null for path: /jcr:system/jcr:nodeTypes/rep:Token/jcr:propertyDefinition
Processing path: /jcr:system/jcr:nodeTypes/nt:address, node exists: true
createLuceneDocument returned null for path: /jcr:system/jcr:nodeTypes/nt:address
Processing path: /jcr:system/jcr:nodeTypes/nt:address/jcr:propertyDefinition[4], node exists: true
createLuceneDocument returned null for path: /jcr:system/jcr:nodeTypes/nt:address/jcr:propertyDefinition[4]
Processing path: /jcr:system/jcr:nodeTypes/nt:address/jcr:propertyDefinition[5], node exists: true
createLuceneDocument returned null for path: /jcr:system/jcr:nodeTypes/nt:address/jcr:propertyDefinition[5]
Processing path: /jcr:system/jcr:nodeTypes/nt:address/jcr:propertyDefinition[6], node exists: true
createLuceneDocument returned null for path: /jcr:system/jcr:nodeTypes/nt:address/jcr:propertyDefinition[6]
Processing path: /jcr:system/jcr:nodeTypes/nt:address/jcr:propertyDefinition[7], node exists: true
createLuceneDocument returned null for path: /jcr:system/jcr:nodeTypes/nt:address/jcr:propertyDefinition[7]
Processing path: /jcr:system/jcr:nodeTypes/nt:address/jcr:propertyDefinition[2], node exists: true
createLuceneDocument returned null for path: /jcr:system/jcr:nodeTypes/nt:address/jcr:propertyDefinition[2]
Processing path: /jcr:system/jcr:nodeTypes/nt:address/jcr:propertyDefinition[3], node exists: true
createLuceneDocument returned null for path: /jcr:system/jcr:nodeTypes/nt:address/jcr:propertyDefinition[3]
Processing path: /jcr:system/jcr:nodeTypes/nt:address/jcr:propertyDefinition, node exists: true
createLuceneDocument returned null for path: /jcr:system/jcr:nodeTypes/nt:address/jcr:propertyDefinition
Processing path: /jcr:system/jcr:nodeTypes/mix:indexable, node exists: true
createLuceneDocument returned null for path: /jcr:system/jcr:nodeTypes/mix:indexable
Processing path: /jcr:system/jcr:nodeTypes/mix:indexable/jcr:childNodeDefinition, node exists: true
createLuceneDocument returned null for path: /jcr:system/jcr:nodeTypes/mix:indexable/jcr:childNodeDefinition
Processing path: /jcr:system/jcr:nodeTypes/nt:nodeType, node exists: true
createLuceneDocument returned null for path: /jcr:system/jcr:nodeTypes/nt:nodeType
Processing path: /jcr:system/jcr:nodeTypes/nt:nodeType/jcr:propertyDefinition[4], node exists: true
createLuceneDocument returned null for path: /jcr:system/jcr:nodeTypes/nt:nodeType/jcr:propertyDefinition[4]
Processing path: /jcr:system/jcr:nodeTypes/nt:nodeType/jcr:propertyDefinition[5], node exists: true
createLuceneDocument returned null for path: /jcr:system/jcr:nodeTypes/nt:nodeType/jcr:propertyDefinition[5]
Processing path: /jcr:system/jcr:nodeTypes/nt:nodeType/jcr:propertyDefinition[6], node exists: true
createLuceneDocument returned null for path: /jcr:system/jcr:nodeTypes/nt:nodeType/jcr:propertyDefinition[6]
Processing path: /jcr:system/jcr:nodeTypes/nt:nodeType/jcr:propertyDefinition[7], node exists: true
createLuceneDocument returned null for path: /jcr:system/jcr:nodeTypes/nt:nodeType/jcr:propertyDefinition[7]
Processing path: /jcr:system/jcr:nodeTypes/nt:nodeType/jcr:propertyDefinition[2], node exists: true
createLuceneDocument returned null for path: /jcr:system/jcr:nodeTypes/nt:nodeType/jcr:propertyDefinition[2]
Processing path: /jcr:system/jcr:nodeTypes/nt:nodeType/jcr:propertyDefinition[3], node exists: true
createLuceneDocument returned null for path: /jcr:system/jcr:nodeTypes/nt:nodeType/jcr:propertyDefinition[3]
Processing path: /jcr:system/jcr:nodeTypes/nt:nodeType/jcr:childNodeDefinition, node exists: true
createLuceneDocument returned null for path: /jcr:system/jcr:nodeTypes/nt:nodeType/jcr:childNodeDefinition
Processing path: /jcr:system/jcr:nodeTypes/nt:nodeType/jcr:propertyDefinition, node exists: true
createLuceneDocument returned null for path: /jcr:system/jcr:nodeTypes/nt:nodeType/jcr:propertyDefinition
Processing path: /jcr:system/jcr:nodeTypes/nt:nodeType/jcr:childNodeDefinition[2], node exists: true
createLuceneDocument returned null for path: /jcr:system/jcr:nodeTypes/nt:nodeType/jcr:childNodeDefinition[2]
Processing path: /jcr:system/jcr:nodeTypes/nt:file, node exists: true
createLuceneDocument returned null for path: /jcr:system/jcr:nodeTypes/nt:file
Processing path: /jcr:system/jcr:nodeTypes/nt:file/jcr:childNodeDefinition, node exists: true
createLuceneDocument returned null for path: /jcr:system/jcr:nodeTypes/nt:file/jcr:childNodeDefinition
Processing path: /jcr:system/jcr:nodeTypes/rep:NamedChildNodeDefinitions, node exists: true
createLuceneDocument returned null for path: /jcr:system/jcr:nodeTypes/rep:NamedChildNodeDefinitions
Processing path: /jcr:system/jcr:nodeTypes/rep:NamedChildNodeDefinitions/jcr:childNodeDefinition, node exists: true
createLuceneDocument returned null for path: /jcr:system/jcr:nodeTypes/rep:NamedChildNodeDefinitions/jcr:childNodeDefinition
Processing path: /jcr:system/jcr:nodeTypes/rep:MemberReferences, node exists: true
createLuceneDocument returned null for path: /jcr:system/jcr:nodeTypes/rep:MemberReferences
Processing path: /jcr:system/jcr:nodeTypes/rep:MemberReferences/jcr:propertyDefinition, node exists: true
createLuceneDocument returned null for path: /jcr:system/jcr:nodeTypes/rep:MemberReferences/jcr:propertyDefinition
Processing path: /jcr:system/jcr:nodeTypes/rep:NamedPropertyDefinitions, node exists: true
createLuceneDocument returned null for path: /jcr:system/jcr:nodeTypes/rep:NamedPropertyDefinitions
Processing path: /jcr:system/jcr:nodeTypes/rep:NamedPropertyDefinitions/jcr:childNodeDefinition, node exists: true
createLuceneDocument returned null for path: /jcr:system/jcr:nodeTypes/rep:NamedPropertyDefinitions/jcr:childNodeDefinition
Processing path: /jcr:system/jcr:nodeTypes/rep:Impersonatable, node exists: true
createLuceneDocument returned null for path: /jcr:system/jcr:nodeTypes/rep:Impersonatable
Processing path: /jcr:system/jcr:nodeTypes/rep:Impersonatable/jcr:propertyDefinition, node exists: true
createLuceneDocument returned null for path: /jcr:system/jcr:nodeTypes/rep:Impersonatable/jcr:propertyDefinition
Processing path: /jcr:system/jcr:nodeTypes/rep:ChildNodeDefinitions, node exists: true
createLuceneDocument returned null for path: /jcr:system/jcr:nodeTypes/rep:ChildNodeDefinitions
Processing path: /jcr:system/jcr:nodeTypes/rep:ChildNodeDefinitions/jcr:childNodeDefinition, node exists: true
createLuceneDocument returned null for path: /jcr:system/jcr:nodeTypes/rep:ChildNodeDefinitions/jcr:childNodeDefinition
Processing path: /jcr:system/jcr:nodeTypes/rep:MergeConflict, node exists: true
createLuceneDocument returned null for path: /jcr:system/jcr:nodeTypes/rep:MergeConflict
Processing path: /jcr:system/jcr:nodeTypes/rep:MergeConflict/jcr:childNodeDefinition, node exists: true
createLuceneDocument returned null for path: /jcr:system/jcr:nodeTypes/rep:MergeConflict/jcr:childNodeDefinition
Processing path: /jcr:system/jcr:nodeTypes/nt:resource, node exists: true
createLuceneDocument returned null for path: /jcr:system/jcr:nodeTypes/nt:resource
Processing path: /jcr:system/jcr:nodeTypes/nt:resource/jcr:propertyDefinition, node exists: true
createLuceneDocument returned null for path: /jcr:system/jcr:nodeTypes/nt:resource/jcr:propertyDefinition
Processing path: /jcr:system/jcr:nodeTypes/mix:atomicCounter, node exists: true
createLuceneDocument returned null for path: /jcr:system/jcr:nodeTypes/mix:atomicCounter
Processing path: /jcr:system/jcr:nodeTypes/mix:atomicCounter/jcr:propertyDefinition, node exists: true
createLuceneDocument returned null for path: /jcr:system/jcr:nodeTypes/mix:atomicCounter/jcr:propertyDefinition
Processing path: /jcr:system/jcr:nodeTypes/rep:PrincipalAccessControl, node exists: true
createLuceneDocument returned null for path: /jcr:system/jcr:nodeTypes/rep:PrincipalAccessControl
Processing path: /jcr:system/jcr:nodeTypes/rep:PrincipalAccessControl/jcr:childNodeDefinition, node exists: true
createLuceneDocument returned null for path: /jcr:system/jcr:nodeTypes/rep:PrincipalAccessControl/jcr:childNodeDefinition
Processing path: /jcr:system/jcr:nodeTypes/rep:Privilege, node exists: true
createLuceneDocument returned null for path: /jcr:system/jcr:nodeTypes/rep:Privilege
Processing path: /jcr:system/jcr:nodeTypes/rep:Privilege/jcr:propertyDefinition[2], node exists: true
createLuceneDocument returned null for path: /jcr:system/jcr:nodeTypes/rep:Privilege/jcr:propertyDefinition[2]
Processing path: /jcr:system/jcr:nodeTypes/rep:Privilege/jcr:propertyDefinition[3], node exists: true
createLuceneDocument returned null for path: /jcr:system/jcr:nodeTypes/rep:Privilege/jcr:propertyDefinition[3]
Processing path: /jcr:system/jcr:nodeTypes/rep:Privilege/jcr:propertyDefinition, node exists: true
createLuceneDocument returned null for path: /jcr:system/jcr:nodeTypes/rep:Privilege/jcr:propertyDefinition
Processing path: /jcr:system/jcr:nodeTypes/rep:Policy, node exists: true
createLuceneDocument returned null for path: /jcr:system/jcr:nodeTypes/rep:Policy
Processing path: /jcr:system/jcr:nodeTypes/rep:NodeType, node exists: true
createLuceneDocument returned null for path: /jcr:system/jcr:nodeTypes/rep:NodeType
Processing path: /jcr:system/jcr:nodeTypes/rep:NodeType/jcr:propertyDefinition[4], node exists: true
createLuceneDocument returned null for path: /jcr:system/jcr:nodeTypes/rep:NodeType/jcr:propertyDefinition[4]
Processing path: /jcr:system/jcr:nodeTypes/rep:NodeType/jcr:propertyDefinition[5], node exists: true
createLuceneDocument returned null for path: /jcr:system/jcr:nodeTypes/rep:NodeType/jcr:propertyDefinition[5]
Processing path: /jcr:system/jcr:nodeTypes/rep:NodeType/jcr:propertyDefinition[6], node exists: true
createLuceneDocument returned null for path: /jcr:system/jcr:nodeTypes/rep:NodeType/jcr:propertyDefinition[6]
Processing path: /jcr:system/jcr:nodeTypes/rep:NodeType/jcr:propertyDefinition[7], node exists: true
createLuceneDocument returned null for path: /jcr:system/jcr:nodeTypes/rep:NodeType/jcr:propertyDefinition[7]
Processing path: /jcr:system/jcr:nodeTypes/rep:NodeType/jcr:propertyDefinition[2], node exists: true
createLuceneDocument returned null for path: /jcr:system/jcr:nodeTypes/rep:NodeType/jcr:propertyDefinition[2]
Processing path: /jcr:system/jcr:nodeTypes/rep:NodeType/jcr:propertyDefinition[3], node exists: true
createLuceneDocument returned null for path: /jcr:system/jcr:nodeTypes/rep:NodeType/jcr:propertyDefinition[3]
Processing path: /jcr:system/jcr:nodeTypes/rep:NodeType/jcr:childNodeDefinition, node exists: true
createLuceneDocument returned null for path: /jcr:system/jcr:nodeTypes/rep:NodeType/jcr:childNodeDefinition
Processing path: /jcr:system/jcr:nodeTypes/rep:NodeType/jcr:childNodeDefinition[3], node exists: true
createLuceneDocument returned null for path: /jcr:system/jcr:nodeTypes/rep:NodeType/jcr:childNodeDefinition[3]
Processing path: /jcr:system/jcr:nodeTypes/rep:NodeType/jcr:childNodeDefinition[4], node exists: true
createLuceneDocument returned null for path: /jcr:system/jcr:nodeTypes/rep:NodeType/jcr:childNodeDefinition[4]
Processing path: /jcr:system/jcr:nodeTypes/rep:NodeType/jcr:childNodeDefinition[2], node exists: true
createLuceneDocument returned null for path: /jcr:system/jcr:nodeTypes/rep:NodeType/jcr:childNodeDefinition[2]
Processing path: /jcr:system/jcr:nodeTypes/rep:NodeType/jcr:propertyDefinition[8], node exists: true
createLuceneDocument returned null for path: /jcr:system/jcr:nodeTypes/rep:NodeType/jcr:propertyDefinition[8]
Processing path: /jcr:system/jcr:nodeTypes/rep:NodeType/jcr:propertyDefinition[9], node exists: true
createLuceneDocument returned null for path: /jcr:system/jcr:nodeTypes/rep:NodeType/jcr:propertyDefinition[9]
Processing path: /jcr:system/jcr:nodeTypes/rep:NodeType/jcr:propertyDefinition[10], node exists: true
createLuceneDocument returned null for path: /jcr:system/jcr:nodeTypes/rep:NodeType/jcr:propertyDefinition[10]
Processing path: /jcr:system/jcr:nodeTypes/rep:NodeType/jcr:propertyDefinition, node exists: true
createLuceneDocument returned null for path: /jcr:system/jcr:nodeTypes/rep:NodeType/jcr:propertyDefinition
Processing path: /oak:index, node exists: true
createLuceneDocument returned null for path: /oak:index
Processing path: /oak:index/searchIndex, node exists: true
createLuceneDocument returned null for path: /oak:index/searchIndex
Processing path: /oak:index/searchIndex/indexRules, node exists: true
createLuceneDocument returned null for path: /oak:index/searchIndex/indexRules
Processing path: /oak:index/searchIndex/indexRules/nt:unstructured, node exists: true
createLuceneDocument returned null for path: /oak:index/searchIndex/indexRules/nt:unstructured
Processing path: /oak:index/searchIndex/indexRules/nt:unstructured/properties, node exists: true
createLuceneDocument returned null for path: /oak:index/searchIndex/indexRules/nt:unstructured/properties
Processing path: /oak:index/searchIndex/indexRules/nt:unstructured/properties/title, node exists: true
createLuceneDocument returned null for path: /oak:index/searchIndex/indexRules/nt:unstructured/properties/title
Processing path: /oak:index/searchIndex/indexRules/nt:unstructured/properties/category, node exists: true
createLuceneDocument returned null for path: /oak:index/searchIndex/indexRules/nt:unstructured/properties/category
Processing path: /oak:index/searchIndex/indexRules/nt:unstructured/properties/status, node exists: true
createLuceneDocument returned null for path: /oak:index/searchIndex/indexRules/nt:unstructured/properties/status
Processing path: /oak:index/changeTrackingIndex, node exists: true
createLuceneDocument returned null for path: /oak:index/changeTrackingIndex
Processing path: /oak:index/changeTrackingIndex/indexRules, node exists: true
createLuceneDocument returned null for path: /oak:index/changeTrackingIndex/indexRules
Processing path: /oak:index/changeTrackingIndex/indexRules/nt:base, node exists: true
createLuceneDocument returned null for path: /oak:index/changeTrackingIndex/indexRules/nt:base
Processing path: /oak:index/changeTrackingIndex/indexRules/nt:base/properties, node exists: true
createLuceneDocument returned null for path: /oak:index/changeTrackingIndex/indexRules/nt:base/properties
Processing path: /oak:index/changeTrackingIndex/indexRules/nt:base/properties/ctDiffProcessingTime, node exists: true
createLuceneDocument returned null for path: /oak:index/changeTrackingIndex/indexRules/nt:base/properties/ctDiffProcessingTime
Processing path: /oak:index/changeTrackingIndex/indexRules/nt:base/properties/ctSerialNumber, node exists: true
createLuceneDocument returned null for path: /oak:index/changeTrackingIndex/indexRules/nt:base/properties/ctSerialNumber
Processing path: /oak:index/changeTrackingIndex/indexRules/nt:base/properties/ctPath, node exists: true
createLuceneDocument returned null for path: /oak:index/changeTrackingIndex/indexRules/nt:base/properties/ctPath
Processing path: /oak:index/damAssetLucene13, node exists: true
createLuceneDocument returned null for path: /oak:index/damAssetLucene13
Processing path: /oak:index/damAssetLucene13/indexRules, node exists: true
createLuceneDocument returned null for path: /oak:index/damAssetLucene13/indexRules
Processing path: /oak:index/damAssetLucene13/indexRules/dam:Asset, node exists: true
createLuceneDocument returned null for path: /oak:index/damAssetLucene13/indexRules/dam:Asset
Processing path: /oak:index/damAssetLucene13/indexRules/dam:Asset/properties, node exists: true
createLuceneDocument returned null for path: /oak:index/damAssetLucene13/indexRules/dam:Asset/properties
Processing path: /oak:index/damAssetLucene13/indexRules/dam:Asset/properties/jcrTitle, node exists: true
createLuceneDocument returned null for path: /oak:index/damAssetLucene13/indexRules/dam:Asset/properties/jcrTitle
Processing path: /oak:index/damAssetLucene13/indexRules/dam:Asset/properties/damStatus, node exists: true
createLuceneDocument returned null for path: /oak:index/damAssetLucene13/indexRules/dam:Asset/properties/damStatus
Processing path: /oak:index/damAssetLucene13/indexRules/dam:Asset/properties/dcFormat, node exists: true
createLuceneDocument returned null for path: /oak:index/damAssetLucene13/indexRules/dam:Asset/properties/dcFormat
Processing path: /oak:index/damAssetLucene13/indexRules/dam:Asset/properties/dcTitle, node exists: true
createLuceneDocument returned null for path: /oak:index/damAssetLucene13/indexRules/dam:Asset/properties/dcTitle
Processing path: /oak:index/damAssetLucene13/aggregates, node exists: true
createLuceneDocument returned null for path: /oak:index/damAssetLucene13/aggregates
Processing path: /oak:index/damAssetLucene13/aggregates/dam:Asset, node exists: true
createLuceneDocument returned null for path: /oak:index/damAssetLucene13/aggregates/dam:Asset
Processing path: /oak:index/damAssetLucene13/aggregates/dam:Asset/include1, node exists: true
createLuceneDocument returned null for path: /oak:index/damAssetLucene13/aggregates/dam:Asset/include1
Processing path: /oak:index/damAssetLucene13/aggregates/dam:Asset/include0, node exists: true
createLuceneDocument returned null for path: /oak:index/damAssetLucene13/aggregates/dam:Asset/include0
Processing chunk for /oak:index/searchIndex ts=1764357477989
Found 27 changes
Processing path: /var, node exists: true
createLuceneDocument returned null for path: /var
Processing path: /var/oak, node exists: true
createLuceneDocument returned null for path: /var/oak
Processing path: /var/oak/indexing, node exists: true
createLuceneDocument returned null for path: /var/oak/indexing
Processing path: /var/oak/indexing/progress, node exists: true
createLuceneDocument returned null for path: /var/oak/indexing/progress
Processing path: /var/oak/indexing/progress/indexes, node exists: true
createLuceneDocument returned null for path: /var/oak/indexing/progress/indexes
Processing path: /var/oak/indexing/progress/indexes/searchIndex, node exists: true
createLuceneDocument returned null for path: /var/oak/indexing/progress/indexes/searchIndex
Processing path: /var/oak/indexing/progress/indexes/searchIndex/stats, node exists: true
createLuceneDocument returned null for path: /var/oak/indexing/progress/indexes/searchIndex/stats
Processing path: /var/oak/indexing/progress/indexes/damAssetLucene13, node exists: true
createLuceneDocument returned null for path: /var/oak/indexing/progress/indexes/damAssetLucene13
Processing path: /var/oak/indexing/progress/indexes/damAssetLucene13/stats, node exists: true
createLuceneDocument returned null for path: /var/oak/indexing/progress/indexes/damAssetLucene13/stats
Processing path: /oak:index, node exists: true
createLuceneDocument returned null for path: /oak:index
Processing path: /oak:index/searchIndex, node exists: true
createLuceneDocument returned null for path: /oak:index/searchIndex
Processing path: /oak:index/changeTrackingIndex, node exists: true
createLuceneDocument returned null for path: /oak:index/changeTrackingIndex
Processing path: /oak:index/damAssetLucene13, node exists: true
createLuceneDocument returned null for path: /oak:index/damAssetLucene13
Processing path: /testContent, node exists: true
createLuceneDocument returned null for path: /testContent
Processing path: /testContent/asset1, node exists: true
createLuceneDocument returned null for path: /testContent/asset1
Processing path: /testContent/asset1/jcr:content, node exists: true
createLuceneDocument returned null for path: /testContent/asset1/jcr:content
Processing path: /testContent/asset1/jcr:content/metadata, node exists: true
createLuceneDocument returned null for path: /testContent/asset1/jcr:content/metadata
Processing path: /testContent/asset2, node exists: true
createLuceneDocument returned null for path: /testContent/asset2
Processing path: /testContent/asset2/jcr:content, node exists: true
createLuceneDocument returned null for path: /testContent/asset2/jcr:content
Processing path: /testContent/asset2/jcr:content/metadata, node exists: true
createLuceneDocument returned null for path: /testContent/asset2/jcr:content/metadata
Processing path: /testContent/doc4, node exists: true
Indexed document for path: /testContent/doc4
Processing path: /testContent/asset3, node exists: true
createLuceneDocument returned null for path: /testContent/asset3
Processing path: /testContent/asset3/jcr:content, node exists: true
createLuceneDocument returned null for path: /testContent/asset3/jcr:content
Processing path: /testContent/asset3/jcr:content/metadata, node exists: true
createLuceneDocument returned null for path: /testContent/asset3/jcr:content/metadata
Processing path: /testContent/doc3, node exists: true
Indexed document for path: /testContent/doc3
Processing path: /testContent/doc2, node exists: true
Indexed document for path: /testContent/doc2
Processing path: /testContent/doc1, node exists: true
Indexed document for path: /testContent/doc1
Processing chunk for /oak:index/damAssetLucene13 ts=1764357477989
Found 27 changes
Processing path: /var, node exists: true
createLuceneDocument returned null for path: /var
Processing path: /var/oak, node exists: true
createLuceneDocument returned null for path: /var/oak
Processing path: /var/oak/indexing, node exists: true
createLuceneDocument returned null for path: /var/oak/indexing
Processing path: /var/oak/indexing/progress, node exists: true
createLuceneDocument returned null for path: /var/oak/indexing/progress
Processing path: /var/oak/indexing/progress/indexes, node exists: true
createLuceneDocument returned null for path: /var/oak/indexing/progress/indexes
Processing path: /var/oak/indexing/progress/indexes/searchIndex, node exists: true
createLuceneDocument returned null for path: /var/oak/indexing/progress/indexes/searchIndex
Processing path: /var/oak/indexing/progress/indexes/searchIndex/stats, node exists: true
createLuceneDocument returned null for path: /var/oak/indexing/progress/indexes/searchIndex/stats
Processing path: /var/oak/indexing/progress/indexes/damAssetLucene13, node exists: true
createLuceneDocument returned null for path: /var/oak/indexing/progress/indexes/damAssetLucene13
Processing path: /var/oak/indexing/progress/indexes/damAssetLucene13/stats, node exists: true
createLuceneDocument returned null for path: /var/oak/indexing/progress/indexes/damAssetLucene13/stats
Processing path: /oak:index, node exists: true
createLuceneDocument returned null for path: /oak:index
Processing path: /oak:index/searchIndex, node exists: true
createLuceneDocument returned null for path: /oak:index/searchIndex
Processing path: /oak:index/changeTrackingIndex, node exists: true
createLuceneDocument returned null for path: /oak:index/changeTrackingIndex
Processing path: /oak:index/damAssetLucene13, node exists: true
createLuceneDocument returned null for path: /oak:index/damAssetLucene13
Processing path: /testContent, node exists: true
createLuceneDocument returned null for path: /testContent
Processing path: /testContent/asset1, node exists: true
Indexed document for path: /testContent/asset1
Processing path: /testContent/asset1/jcr:content, node exists: true
createLuceneDocument returned null for path: /testContent/asset1/jcr:content
Processing path: /testContent/asset1/jcr:content/metadata, node exists: true
createLuceneDocument returned null for path: /testContent/asset1/jcr:content/metadata
Processing path: /testContent/asset2, node exists: true
Indexed document for path: /testContent/asset2
Processing path: /testContent/asset2/jcr:content, node exists: true
createLuceneDocument returned null for path: /testContent/asset2/jcr:content
Processing path: /testContent/asset2/jcr:content/metadata, node exists: true
createLuceneDocument returned null for path: /testContent/asset2/jcr:content/metadata
Processing path: /testContent/doc4, node exists: true
createLuceneDocument returned null for path: /testContent/doc4
Processing path: /testContent/asset3, node exists: true
Indexed document for path: /testContent/asset3
Processing path: /testContent/asset3/jcr:content, node exists: true
createLuceneDocument returned null for path: /testContent/asset3/jcr:content
Processing path: /testContent/asset3/jcr:content/metadata, node exists: true
createLuceneDocument returned null for path: /testContent/asset3/jcr:content/metadata
Processing path: /testContent/doc3, node exists: true
createLuceneDocument returned null for path: /testContent/doc3
Processing path: /testContent/doc2, node exists: true
createLuceneDocument returned null for path: /testContent/doc2
Processing path: /testContent/doc1, node exists: true
createLuceneDocument returned null for path: /testContent/doc1
Processing chunk for /oak:index/deleteTestIndex ts=0
Found 320 changes
Processing path: /, node exists: true
createLuceneDocument returned null for path: /
Processing path: /deleteTest, node exists: true
createLuceneDocument returned null for path: /deleteTest
Processing path: /deleteTest/asset1, node exists: true
Indexed document for path: /deleteTest/asset1
Processing path: /deleteTest/asset1/jcr:content, node exists: true
createLuceneDocument returned null for path: /deleteTest/asset1/jcr:content
Processing path: /var, node exists: true
createLuceneDocument returned null for path: /var
Processing path: /var/oak, node exists: true
createLuceneDocument returned null for path: /var/oak
Processing path: /var/oak/indexing, node exists: true
createLuceneDocument returned null for path: /var/oak/indexing
Processing path: /var/oak/indexing/progress, node exists: true
createLuceneDocument returned null for path: /var/oak/indexing/progress
Processing path: /var/oak/indexing/progress/indexes, node exists: true
createLuceneDocument returned null for path: /var/oak/indexing/progress/indexes
Processing path: /var/oak/indexing/progress/indexes/deleteTestIndex, node exists: true
createLuceneDocument returned null for path: /var/oak/indexing/progress/indexes/deleteTestIndex
Processing path: /var/oak/indexing/progress/indexes/deleteTestIndex/stats, node exists: true
createLuceneDocument returned null for path: /var/oak/indexing/progress/indexes/deleteTestIndex/stats
Processing path: /var/oak/indexing/progress/changeTracker, node exists: true
createLuceneDocument returned null for path: /var/oak/indexing/progress/changeTracker
Processing path: /jcr:system, node exists: true
createLuceneDocument returned null for path: /jcr:system
Processing path: /jcr:system/rep:namespaces, node exists: true
createLuceneDocument returned null for path: /jcr:system/rep:namespaces
Processing path: /jcr:system/rep:namespaces/rep:nsdata, node exists: true
createLuceneDocument returned null for path: /jcr:system/rep:namespaces/rep:nsdata
Processing path: /jcr:system/jcr:activities, node exists: true
createLuceneDocument returned null for path: /jcr:system/jcr:activities
Processing path: /jcr:system/jcr:versionStorage, node exists: true
createLuceneDocument returned null for path: /jcr:system/jcr:versionStorage
Processing path: /jcr:system/jcr:nodeTypes, node exists: true
createLuceneDocument returned null for path: /jcr:system/jcr:nodeTypes
Processing path: /jcr:system/jcr:nodeTypes/rep:Unstructured, node exists: true
createLuceneDocument returned null for path: /jcr:system/jcr:nodeTypes/rep:Unstructured
Processing path: /jcr:system/jcr:nodeTypes/rep:Unstructured/jcr:propertyDefinition[2], node exists: true
createLuceneDocument returned null for path: /jcr:system/jcr:nodeTypes/rep:Unstructured/jcr:propertyDefinition[2]
Processing path: /jcr:system/jcr:nodeTypes/rep:Unstructured/jcr:childNodeDefinition, node exists: true
createLuceneDocument returned null for path: /jcr:system/jcr:nodeTypes/rep:Unstructured/jcr:childNodeDefinition
Processing path: /jcr:system/jcr:nodeTypes/rep:Unstructured/jcr:propertyDefinition, node exists: true
createLuceneDocument returned null for path: /jcr:system/jcr:nodeTypes/rep:Unstructured/jcr:propertyDefinition
Processing path: /jcr:system/jcr:nodeTypes/mix:language, node exists: true
createLuceneDocument returned null for path: /jcr:system/jcr:nodeTypes/mix:language
Processing path: /jcr:system/jcr:nodeTypes/mix:language/jcr:propertyDefinition, node exists: true
createLuceneDocument returned null for path: /jcr:system/jcr:nodeTypes/mix:language/jcr:propertyDefinition
Processing path: /jcr:system/jcr:nodeTypes/mix:etag, node exists: true
createLuceneDocument returned null for path: /jcr:system/jcr:nodeTypes/mix:etag
Processing path: /jcr:system/jcr:nodeTypes/mix:etag/jcr:propertyDefinition, node exists: true
createLuceneDocument returned null for path: /jcr:system/jcr:nodeTypes/mix:etag/jcr:propertyDefinition
Processing path: /jcr:system/jcr:nodeTypes/mix:mimeType, node exists: true
createLuceneDocument returned null for path: /jcr:system/jcr:nodeTypes/mix:mimeType
Processing path: /jcr:system/jcr:nodeTypes/mix:mimeType/jcr:propertyDefinition[2], node exists: true
createLuceneDocument returned null for path: /jcr:system/jcr:nodeTypes/mix:mimeType/jcr:propertyDefinition[2]
Processing path: /jcr:system/jcr:nodeTypes/mix:mimeType/jcr:propertyDefinition, node exists: true
createLuceneDocument returned null for path: /jcr:system/jcr:nodeTypes/mix:mimeType/jcr:propertyDefinition
Processing path: /jcr:system/jcr:nodeTypes/oak:QueryIndexDefinition, node exists: true
createLuceneDocument returned null for path: /jcr:system/jcr:nodeTypes/oak:QueryIndexDefinition
Processing path: /jcr:system/jcr:nodeTypes/oak:QueryIndexDefinition/jcr:propertyDefinition[2], node exists: true
createLuceneDocument returned null for path: /jcr:system/jcr:nodeTypes/oak:QueryIndexDefinition/jcr:propertyDefinition[2]
Processing path: /jcr:system/jcr:nodeTypes/oak:QueryIndexDefinition/jcr:propertyDefinition[3], node exists: true
createLuceneDocument returned null for path: /jcr:system/jcr:nodeTypes/oak:QueryIndexDefinition/jcr:propertyDefinition[3]
Processing path: /jcr:system/jcr:nodeTypes/oak:QueryIndexDefinition/jcr:propertyDefinition, node exists: true
createLuceneDocument returned null for path: /jcr:system/jcr:nodeTypes/oak:QueryIndexDefinition/jcr:propertyDefinition
Processing path: /jcr:system/jcr:nodeTypes/rep:Members, node exists: true
createLuceneDocument returned null for path: /jcr:system/jcr:nodeTypes/rep:Members
Processing path: /jcr:system/jcr:nodeTypes/rep:Members/jcr:childNodeDefinition, node exists: true
createLuceneDocument returned null for path: /jcr:system/jcr:nodeTypes/rep:Members/jcr:childNodeDefinition
Processing path: /jcr:system/jcr:nodeTypes/rep:Members/jcr:propertyDefinition, node exists: true
createLuceneDocument returned null for path: /jcr:system/jcr:nodeTypes/rep:Members/jcr:propertyDefinition
Processing path: /jcr:system/jcr:nodeTypes/rep:Restrictions, node exists: true
createLuceneDocument returned null for path: /jcr:system/jcr:nodeTypes/rep:Restrictions
Processing path: /jcr:system/jcr:nodeTypes/rep:Restrictions/jcr:propertyDefinition[2], node exists: true
createLuceneDocument returned null for path: /jcr:system/jcr:nodeTypes/rep:Restrictions/jcr:propertyDefinition[2]
Processing path: /jcr:system/jcr:nodeTypes/rep:Restrictions/jcr:propertyDefinition, node exists: true
createLuceneDocument returned null for path: /jcr:system/jcr:nodeTypes/rep:Restrictions/jcr:propertyDefinition
Processing path: /jcr:system/jcr:nodeTypes/rep:SystemUser, node exists: true
createLuceneDocument returned null for path: /jcr:system/jcr:nodeTypes/rep:SystemUser
Processing path: /jcr:system/jcr:nodeTypes/nt:propertyDefinition, node exists: true
createLuceneDocument returned null for path: /jcr:system/jcr:nodeTypes/nt:propertyDefinition
Processing path: /jcr:system/jcr:nodeTypes/nt:propertyDefinition/jcr:propertyDefinition[4], node exists: true
createLuceneDocument returned null for path: /jcr:system/jcr:nodeTypes/nt:propertyDefinition/jcr:propertyDefinition[4]
Processing path: /jcr:system/jcr:nodeTypes/nt:propertyDefinition/jcr:propertyDefinition[5], node exists: true
createLuceneDocument returned null for path: /jcr:system/jcr:nodeTypes/nt:propertyDefinition/jcr:propertyDefinition[5]
Processing path: /jcr:system/jcr:nodeTypes/nt:propertyDefinition/jcr:propertyDefinition[6], node exists: true
createLuceneDocument returned null for path: /jcr:system/jcr:nodeTypes/nt:propertyDefinition/jcr:propertyDefinition[6]
Processing path: /jcr:system/jcr:nodeTypes/nt:propertyDefinition/jcr:propertyDefinition[12], node exists: true
createLuceneDocument returned null for path: /jcr:system/jcr:nodeTypes/nt:propertyDefinition/jcr:propertyDefinition[12]
Processing path: /jcr:system/jcr:nodeTypes/nt:propertyDefinition/jcr:propertyDefinition[7], node exists: true
createLuceneDocument returned null for path: /jcr:system/jcr:nodeTypes/nt:propertyDefinition/jcr:propertyDefinition[7]
Processing path: /jcr:system/jcr:nodeTypes/nt:propertyDefinition/jcr:propertyDefinition[11], node exists: true
createLuceneDocument returned null for path: /jcr:system/jcr:nodeTypes/nt:propertyDefinition/jcr:propertyDefinition[11]
Processing path: /jcr:system/jcr:nodeTypes/nt:propertyDefinition/jcr:propertyDefinition[10], node exists: true
createLuceneDocument returned null for path: /jcr:system/jcr:nodeTypes/nt:propertyDefinition/jcr:propertyDefinition[10]
Processing path: /jcr:system/jcr:nodeTypes/nt:propertyDefinition/jcr:propertyDefinition[2], node exists: true
createLuceneDocument returned null for path: /jcr:system/jcr:nodeTypes/nt:propertyDefinition/jcr:propertyDefinition[2]
Processing path: /jcr:system/jcr:nodeTypes/nt:propertyDefinition/jcr:propertyDefinition[3], node exists: true
createLuceneDocument returned null for path: /jcr:system/jcr:nodeTypes/nt:propertyDefinition/jcr:propertyDefinition[3]
Processing path: /jcr:system/jcr:nodeTypes/nt:propertyDefinition/jcr:propertyDefinition, node exists: true
createLuceneDocument returned null for path: /jcr:system/jcr:nodeTypes/nt:propertyDefinition/jcr:propertyDefinition
Processing path: /jcr:system/jcr:nodeTypes/nt:propertyDefinition/jcr:propertyDefinition[8], node exists: true
createLuceneDocument returned null for path: /jcr:system/jcr:nodeTypes/nt:propertyDefinition/jcr:propertyDefinition[8]
Processing path: /jcr:system/jcr:nodeTypes/nt:propertyDefinition/jcr:propertyDefinition[9], node exists: true
createLuceneDocument returned null for path: /jcr:system/jcr:nodeTypes/nt:propertyDefinition/jcr:propertyDefinition[9]
Processing path: /jcr:system/jcr:nodeTypes/rep:AccessControllable, node exists: true
createLuceneDocument returned null for path: /jcr:system/jcr:nodeTypes/rep:AccessControllable
Processing path: /jcr:system/jcr:nodeTypes/rep:AccessControllable/jcr:childNodeDefinition, node exists: true
createLuceneDocument returned null for path: /jcr:system/jcr:nodeTypes/rep:AccessControllable/jcr:childNodeDefinition
Processing path: /jcr:system/jcr:nodeTypes/rep:GrantACE, node exists: true
createLuceneDocument returned null for path: /jcr:system/jcr:nodeTypes/rep:GrantACE
Processing path: /jcr:system/jcr:nodeTypes/nt:activity, node exists: true
createLuceneDocument returned null for path: /jcr:system/jcr:nodeTypes/nt:activity
Processing path: /jcr:system/jcr:nodeTypes/nt:activity/jcr:propertyDefinition, node exists: true
createLuceneDocument returned null for path: /jcr:system/jcr:nodeTypes/nt:activity/jcr:propertyDefinition
Processing path: /jcr:system/jcr:nodeTypes/rep:MemberReferencesList, node exists: true
createLuceneDocument returned null for path: /jcr:system/jcr:nodeTypes/rep:MemberReferencesList
Processing path: /jcr:system/jcr:nodeTypes/rep:MemberReferencesList/jcr:childNodeDefinition, node exists: true
createLuceneDocument returned null for path: /jcr:system/jcr:nodeTypes/rep:MemberReferencesList/jcr:childNodeDefinition
Processing path: /jcr:system/jcr:nodeTypes/rep:VersionReference, node exists: true
createLuceneDocument returned null for path: /jcr:system/jcr:nodeTypes/rep:VersionReference
Processing path: /jcr:system/jcr:nodeTypes/rep:VersionReference/jcr:propertyDefinition, node exists: true
createLuceneDocument returned null for path: /jcr:system/jcr:nodeTypes/rep:VersionReference/jcr:propertyDefinition
Processing path: /jcr:system/jcr:nodeTypes/nt:childNodeDefinition, node exists: true
createLuceneDocument returned null for path: /jcr:system/jcr:nodeTypes/nt:childNodeDefinition
Processing path: /jcr:system/jcr:nodeTypes/nt:childNodeDefinition/jcr:propertyDefinition[4], node exists: true
createLuceneDocument returned null for path: /jcr:system/jcr:nodeTypes/nt:childNodeDefinition/jcr:propertyDefinition[4]
Processing path: /jcr:system/jcr:nodeTypes/nt:childNodeDefinition/jcr:propertyDefinition[5], node exists: true
createLuceneDocument returned null for path: /jcr:system/jcr:nodeTypes/nt:childNodeDefinition/jcr:propertyDefinition[5]
Processing path: /jcr:system/jcr:nodeTypes/nt:childNodeDefinition/jcr:propertyDefinition[6], node exists: true
createLuceneDocument returned null for path: /jcr:system/jcr:nodeTypes/nt:childNodeDefinition/jcr:propertyDefinition[6]
Processing path: /jcr:system/jcr:nodeTypes/nt:childNodeDefinition/jcr:propertyDefinition[7], node exists: true
createLuceneDocument returned null for path: /jcr:system/jcr:nodeTypes/nt:childNodeDefinition/jcr:propertyDefinition[7]
Processing path: /jcr:system/jcr:nodeTypes/nt:childNodeDefinition/jcr:propertyDefinition[2], node exists: true
createLuceneDocument returned null for path: /jcr:system/jcr:nodeTypes/nt:childNodeDefinition/jcr:propertyDefinition[2]
Processing path: /jcr:system/jcr:nodeTypes/nt:childNodeDefinition/jcr:propertyDefinition[3], node exists: true
createLuceneDocument returned null for path: /jcr:system/jcr:nodeTypes/nt:childNodeDefinition/jcr:propertyDefinition[3]
Processing path: /jcr:system/jcr:nodeTypes/nt:childNodeDefinition/jcr:propertyDefinition, node exists: true
createLuceneDocument returned null for path: /jcr:system/jcr:nodeTypes/nt:childNodeDefinition/jcr:propertyDefinition
Processing path: /jcr:system/jcr:nodeTypes/nt:childNodeDefinition/jcr:propertyDefinition[8], node exists: true
createLuceneDocument returned null for path: /jcr:system/jcr:nodeTypes/nt:childNodeDefinition/jcr:propertyDefinition[8]
Processing path: /jcr:system/jcr:nodeTypes/rep:Authorizable, node exists: true
createLuceneDocument returned null for path: /jcr:system/jcr:nodeTypes/rep:Authorizable
Processing path: /jcr:system/jcr:nodeTypes/rep:Authorizable/jcr:propertyDefinition[4], node exists: true
createLuceneDocument returned null for path: /jcr:system/jcr:nodeTypes/rep:Authorizable/jcr:propertyDefinition[4]
Processing path: /jcr:system/jcr:nodeTypes/rep:Authorizable/jcr:propertyDefinition[2], node exists: true
createLuceneDocument returned null for path: /jcr:system/jcr:nodeTypes/rep:Authorizable/jcr:propertyDefinition[2]
Processing path: /jcr:system/jcr:nodeTypes/rep:Authorizable/jcr:propertyDefinition[3], node exists: true
createLuceneDocument returned null for path: /jcr:system/jcr:nodeTypes/rep:Authorizable/jcr:propertyDefinition[3]
Processing path: /jcr:system/jcr:nodeTypes/rep:Authorizable/jcr:childNodeDefinition, node exists: true
createLuceneDocument returned null for path: /jcr:system/jcr:nodeTypes/rep:Authorizable/jcr:childNodeDefinition
Processing path: /jcr:system/jcr:nodeTypes/rep:Authorizable/jcr:propertyDefinition, node exists: true
createLuceneDocument returned null for path: /jcr:system/jcr:nodeTypes/rep:Authorizable/jcr:propertyDefinition
Processing path: /jcr:system/jcr:nodeTypes/rep:PropertyDefinitions, node exists: true
createLuceneDocument returned null for path: /jcr:system/jcr:nodeTypes/rep:PropertyDefinitions
Processing path: /jcr:system/jcr:nodeTypes/rep:PropertyDefinitions/jcr:childNodeDefinition, node exists: true
createLuceneDocument returned null for path: /jcr:system/jcr:nodeTypes/rep:PropertyDefinitions/jcr:childNodeDefinition
Processing path: /jcr:system/jcr:nodeTypes/rep:ACE, node exists: true
createLuceneDocument returned null for path: /jcr:system/jcr:nodeTypes/rep:ACE
Processing path: /jcr:system/jcr:nodeTypes/rep:ACE/jcr:propertyDefinition[4], node exists: true
createLuceneDocument returned null for path: /jcr:system/jcr:nodeTypes/rep:ACE/jcr:propertyDefinition[4]
Processing path: /jcr:system/jcr:nodeTypes/rep:ACE/jcr:propertyDefinition[5], node exists: true
createLuceneDocument returned null for path: /jcr:system/jcr:nodeTypes/rep:ACE/jcr:propertyDefinition[5]
Processing path: /jcr:system/jcr:nodeTypes/rep:ACE/jcr:propertyDefinition[2], node exists: true
createLuceneDocument returned null for path: /jcr:system/jcr:nodeTypes/rep:ACE/jcr:propertyDefinition[2]
Processing path: /jcr:system/jcr:nodeTypes/rep:ACE/jcr:propertyDefinition[3], node exists: true
createLuceneDocument returned null for path: /jcr:system/jcr:nodeTypes/rep:ACE/jcr:propertyDefinition[3]
Processing path: /jcr:system/jcr:nodeTypes/rep:ACE/jcr:childNodeDefinition, node exists: true
createLuceneDocument returned null for path: /jcr:system/jcr:nodeTypes/rep:ACE/jcr:childNodeDefinition
Processing path: /jcr:system/jcr:nodeTypes/rep:ACE/jcr:propertyDefinition, node exists: true
createLuceneDocument returned null for path: /jcr:system/jcr:nodeTypes/rep:ACE/jcr:propertyDefinition
Processing path: /jcr:system/jcr:nodeTypes/rep:Password, node exists: true
createLuceneDocument returned null for path: /jcr:system/jcr:nodeTypes/rep:Password
Processing path: /jcr:system/jcr:nodeTypes/rep:Password/jcr:propertyDefinition[2], node exists: true
createLuceneDocument returned null for path: /jcr:system/jcr:nodeTypes/rep:Password/jcr:propertyDefinition[2]
Processing path: /jcr:system/jcr:nodeTypes/rep:Password/jcr:propertyDefinition, node exists: true
createLuceneDocument returned null for path: /jcr:system/jcr:nodeTypes/rep:Password/jcr:propertyDefinition
Processing path: /jcr:system/jcr:nodeTypes/rep:Cache, node exists: true
createLuceneDocument returned null for path: /jcr:system/jcr:nodeTypes/rep:Cache
Processing path: /jcr:system/jcr:nodeTypes/rep:Cache/jcr:propertyDefinition, node exists: true
createLuceneDocument returned null for path: /jcr:system/jcr:nodeTypes/rep:Cache/jcr:propertyDefinition
Processing path: /jcr:system/jcr:nodeTypes/rep:ChildNodeDefinition, node exists: true
createLuceneDocument returned null for path: /jcr:system/jcr:nodeTypes/rep:ChildNodeDefinition
Processing path: /jcr:system/jcr:nodeTypes/rep:ChildNodeDefinition/jcr:propertyDefinition, node exists: true
createLuceneDocument returned null for path: /jcr:system/jcr:nodeTypes/rep:ChildNodeDefinition/jcr:propertyDefinition
Processing path: /jcr:system/jcr:nodeTypes/rep:ACL, node exists: true
createLuceneDocument returned null for path: /jcr:system/jcr:nodeTypes/rep:ACL
Processing path: /jcr:system/jcr:nodeTypes/rep:ACL/jcr:childNodeDefinition, node exists: true
createLuceneDocument returned null for path: /jcr:system/jcr:nodeTypes/rep:ACL/jcr:childNodeDefinition
Processing path: /jcr:system/jcr:nodeTypes/rep:VersionablePaths, node exists: true
createLuceneDocument returned null for path: /jcr:system/jcr:nodeTypes/rep:VersionablePaths
Processing path: /jcr:system/jcr:nodeTypes/rep:VersionablePaths/jcr:propertyDefinition, node exists: true
createLuceneDocument returned null for path: /jcr:system/jcr:nodeTypes/rep:VersionablePaths/jcr:propertyDefinition
Processing path: /jcr:system/jcr:nodeTypes/nt:unstructured, node exists: true
createLuceneDocument returned null for path: /jcr:system/jcr:nodeTypes/nt:unstructured
Processing path: /jcr:system/jcr:nodeTypes/nt:unstructured/jcr:propertyDefinition[2], node exists: true
createLuceneDocument returned null for path: /jcr:system/jcr:nodeTypes/nt:unstructured/jcr:propertyDefinition[2]
Processing path: /jcr:system/jcr:nodeTypes/nt:unstructured/jcr:childNodeDefinition, node exists: true
createLuceneDocument returned null for path: /jcr:system/jcr:nodeTypes/nt:unstructured/jcr:childNodeDefinition
Processing path: /jcr:system/jcr:nodeTypes/nt:unstructured/jcr:propertyDefinition, node exists: true
createLuceneDocument returned null for path: /jcr:system/jcr:nodeTypes/nt:unstructured/jcr:propertyDefinition
Processing path: /jcr:system/jcr:nodeTypes/mix:created, node exists: true
createLuceneDocument returned null for path: /jcr:system/jcr:nodeTypes/mix:created
Processing path: /jcr:system/jcr:nodeTypes/mix:created/jcr:propertyDefinition[2], node exists: true
createLuceneDocument returned null for path: /jcr:system/jcr:nodeTypes/mix:created/jcr:propertyDefinition[2]
Processing path: /jcr:system/jcr:nodeTypes/mix:created/jcr:propertyDefinition, node exists: true
createLuceneDocument returned null for path: /jcr:system/jcr:nodeTypes/mix:created/jcr:propertyDefinition
Processing path: /jcr:system/jcr:nodeTypes/mix:shareable, node exists: true
createLuceneDocument returned null for path: /jcr:system/jcr:nodeTypes/mix:shareable
Processing path: /jcr:system/jcr:nodeTypes/nt:version, node exists: true
createLuceneDocument returned null for path: /jcr:system/jcr:nodeTypes/nt:version
Processing path: /jcr:system/jcr:nodeTypes/nt:version/jcr:propertyDefinition[4], node exists: true
createLuceneDocument returned null for path: /jcr:system/jcr:nodeTypes/nt:version/jcr:propertyDefinition[4]
Processing path: /jcr:system/jcr:nodeTypes/nt:version/jcr:propertyDefinition[2], node exists: true
createLuceneDocument returned null for path: /jcr:system/jcr:nodeTypes/nt:version/jcr:propertyDefinition[2]
Processing path: /jcr:system/jcr:nodeTypes/nt:version/jcr:propertyDefinition[3], node exists: true
createLuceneDocument returned null for path: /jcr:system/jcr:nodeTypes/nt:version/jcr:propertyDefinition[3]
Processing path: /jcr:system/jcr:nodeTypes/nt:version/jcr:childNodeDefinition, node exists: true
createLuceneDocument returned null for path: /jcr:system/jcr:nodeTypes/nt:version/jcr:childNodeDefinition
Processing path: /jcr:system/jcr:nodeTypes/nt:version/jcr:propertyDefinition, node exists: true
createLuceneDocument returned null for path: /jcr:system/jcr:nodeTypes/nt:version/jcr:propertyDefinition
Processing path: /jcr:system/jcr:nodeTypes/rep:RepoAccessControllable, node exists: true
createLuceneDocument returned null for path: /jcr:system/jcr:nodeTypes/rep:RepoAccessControllable
Processing path: /jcr:system/jcr:nodeTypes/rep:RepoAccessControllable/jcr:childNodeDefinition, node exists: true
createLuceneDocument returned null for path: /jcr:system/jcr:nodeTypes/rep:RepoAccessControllable/jcr:childNodeDefinition
Processing path: /jcr:system/jcr:nodeTypes/rep:AuthorizableFolder, node exists: true
createLuceneDocument returned null for path: /jcr:system/jcr:nodeTypes/rep:AuthorizableFolder
Processing path: /jcr:system/jcr:nodeTypes/rep:AuthorizableFolder/jcr:childNodeDefinition, node exists: true
createLuceneDocument returned null for path: /jcr:system/jcr:nodeTypes/rep:AuthorizableFolder/jcr:childNodeDefinition
Processing path: /jcr:system/jcr:nodeTypes/rep:AuthorizableFolder/jcr:childNodeDefinition[2], node exists: true
createLuceneDocument returned null for path: /jcr:system/jcr:nodeTypes/rep:AuthorizableFolder/jcr:childNodeDefinition[2]
Processing path: /jcr:system/jcr:nodeTypes/dam:Asset, node exists: true
createLuceneDocument returned null for path: /jcr:system/jcr:nodeTypes/dam:Asset
Processing path: /jcr:system/jcr:nodeTypes/dam:Asset/jcr:propertyDefinition[2], node exists: true
createLuceneDocument returned null for path: /jcr:system/jcr:nodeTypes/dam:Asset/jcr:propertyDefinition[2]
Processing path: /jcr:system/jcr:nodeTypes/dam:Asset/jcr:childNodeDefinition, node exists: true
createLuceneDocument returned null for path: /jcr:system/jcr:nodeTypes/dam:Asset/jcr:childNodeDefinition
Processing path: /jcr:system/jcr:nodeTypes/dam:Asset/jcr:propertyDefinition, node exists: true
createLuceneDocument returned null for path: /jcr:system/jcr:nodeTypes/dam:Asset/jcr:propertyDefinition
Processing path: /jcr:system/jcr:nodeTypes/dam:Asset/jcr:childNodeDefinition[2], node exists: true
createLuceneDocument returned null for path: /jcr:system/jcr:nodeTypes/dam:Asset/jcr:childNodeDefinition[2]
Processing path: /jcr:system/jcr:nodeTypes/mix:versionable, node exists: true
createLuceneDocument returned null for path: /jcr:system/jcr:nodeTypes/mix:versionable
Processing path: /jcr:system/jcr:nodeTypes/mix:versionable/jcr:propertyDefinition[4], node exists: true
createLuceneDocument returned null for path: /jcr:system/jcr:nodeTypes/mix:versionable/jcr:propertyDefinition[4]
Processing path: /jcr:system/jcr:nodeTypes/mix:versionable/jcr:propertyDefinition[5], node exists: true
createLuceneDocument returned null for path: /jcr:system/jcr:nodeTypes/mix:versionable/jcr:propertyDefinition[5]
Processing path: /jcr:system/jcr:nodeTypes/mix:versionable/jcr:propertyDefinition[6], node exists: true
createLuceneDocument returned null for path: /jcr:system/jcr:nodeTypes/mix:versionable/jcr:propertyDefinition[6]
Processing path: /jcr:system/jcr:nodeTypes/mix:versionable/jcr:propertyDefinition[2], node exists: true
createLuceneDocument returned null for path: /jcr:system/jcr:nodeTypes/mix:versionable/jcr:propertyDefinition[2]
Processing path: /jcr:system/jcr:nodeTypes/mix:versionable/jcr:propertyDefinition[3], node exists: true
createLuceneDocument returned null for path: /jcr:system/jcr:nodeTypes/mix:versionable/jcr:propertyDefinition[3]
Processing path: /jcr:system/jcr:nodeTypes/mix:versionable/jcr:propertyDefinition, node exists: true
createLuceneDocument returned null for path: /jcr:system/jcr:nodeTypes/mix:versionable/jcr:propertyDefinition
Processing path: /jcr:system/jcr:nodeTypes/rep:UnstructuredProtected, node exists: true
createLuceneDocument returned null for path: /jcr:system/jcr:nodeTypes/rep:UnstructuredProtected
Processing path: /jcr:system/jcr:nodeTypes/rep:UnstructuredProtected/jcr:propertyDefinition[2], node exists: true
createLuceneDocument returned null for path: /jcr:system/jcr:nodeTypes/rep:UnstructuredProtected/jcr:propertyDefinition[2]
Processing path: /jcr:system/jcr:nodeTypes/rep:UnstructuredProtected/jcr:childNodeDefinition, node exists: true
createLuceneDocument returned null for path: /jcr:system/jcr:nodeTypes/rep:UnstructuredProtected/jcr:childNodeDefinition
Processing path: /jcr:system/jcr:nodeTypes/rep:UnstructuredProtected/jcr:propertyDefinition, node exists: true
createLuceneDocument returned null for path: /jcr:system/jcr:nodeTypes/rep:UnstructuredProtected/jcr:propertyDefinition
Processing path: /jcr:system/jcr:nodeTypes/mix:referenceable, node exists: true
createLuceneDocument returned null for path: /jcr:system/jcr:nodeTypes/mix:referenceable
Processing path: /jcr:system/jcr:nodeTypes/mix:referenceable/jcr:propertyDefinition, node exists: true
createLuceneDocument returned null for path: /jcr:system/jcr:nodeTypes/mix:referenceable/jcr:propertyDefinition
Processing path: /jcr:system/jcr:nodeTypes/mix:lifecycle, node exists: true
createLuceneDocument returned null for path: /jcr:system/jcr:nodeTypes/mix:lifecycle
Processing path: /jcr:system/jcr:nodeTypes/mix:lifecycle/jcr:propertyDefinition[2], node exists: true
createLuceneDocument returned null for path: /jcr:system/jcr:nodeTypes/mix:lifecycle/jcr:propertyDefinition[2]
Processing path: /jcr:system/jcr:nodeTypes/mix:lifecycle/jcr:propertyDefinition, node exists: true
createLuceneDocument returned null for path: /jcr:system/jcr:nodeTypes/mix:lifecycle/jcr:propertyDefinition
Processing path: /jcr:system/jcr:nodeTypes/nt:frozenNode, node exists: true
createLuceneDocument returned null for path: /jcr:system/jcr:nodeTypes/nt:frozenNode
Processing path: /jcr:system/jcr:nodeTypes/nt:frozenNode/jcr:propertyDefinition[4], node exists: true
createLuceneDocument returned null for path: /jcr:system/jcr:nodeTypes/nt:frozenNode/jcr:propertyDefinition[4]
Processing path: /jcr:system/jcr:nodeTypes/nt:frozenNode/jcr:propertyDefinition[5], node exists: true
createLuceneDocument returned null for path: /jcr:system/jcr:nodeTypes/nt:frozenNode/jcr:propertyDefinition[5]
Processing path: /jcr:system/jcr:nodeTypes/nt:frozenNode/jcr:propertyDefinition[2], node exists: true
createLuceneDocument returned null for path: /jcr:system/jcr:nodeTypes/nt:frozenNode/jcr:propertyDefinition[2]
Processing path: /jcr:system/jcr:nodeTypes/nt:frozenNode/jcr:propertyDefinition[3], node exists: true
createLuceneDocument returned null for path: /jcr:system/jcr:nodeTypes/nt:frozenNode/jcr:propertyDefinition[3]
Processing path: /jcr:system/jcr:nodeTypes/nt:frozenNode/jcr:childNodeDefinition, node exists: true
createLuceneDocument returned null for path: /jcr:system/jcr:nodeTypes/nt:frozenNode/jcr:childNodeDefinition
Processing path: /jcr:system/jcr:nodeTypes/nt:frozenNode/jcr:propertyDefinition, node exists: true
createLuceneDocument returned null for path: /jcr:system/jcr:nodeTypes/nt:frozenNode/jcr:propertyDefinition
Processing path: /jcr:system/jcr:nodeTypes/rep:PropertyDefinition, node exists: true
createLuceneDocument returned null for path: /jcr:system/jcr:nodeTypes/rep:PropertyDefinition
Processing path: /jcr:system/jcr:nodeTypes/rep:PropertyDefinition/jcr:propertyDefinition, node exists: true
createLuceneDocument returned null for path: /jcr:system/jcr:nodeTypes/rep:PropertyDefinition/jcr:propertyDefinition
Processing path: /jcr:system/jcr:nodeTypes/rep:nodeTypes, node exists: true
createLuceneDocument returned null for path: /jcr:system/jcr:nodeTypes/rep:nodeTypes
Processing path: /jcr:system/jcr:nodeTypes/rep:nodeTypes/jcr:childNodeDefinition, node exists: true
createLuceneDocument returned null for path: /jcr:system/jcr:nodeTypes/rep:nodeTypes/jcr:childNodeDefinition
Processing path: /jcr:system/jcr:nodeTypes/rep:AccessControl, node exists: true
createLuceneDocument returned null for path: /jcr:system/jcr:nodeTypes/rep:AccessControl
Processing path: /jcr:system/jcr:nodeTypes/rep:AccessControl/jcr:childNodeDefinition, node exists: true
createLuceneDocument returned null for path: /jcr:system/jcr:nodeTypes/rep:AccessControl/jcr:childNodeDefinition
Processing path: /jcr:system/jcr:nodeTypes/rep:AccessControl/jcr:childNodeDefinition[2], node exists: true
createLuceneDocument returned null for path: /jcr:system/jcr:nodeTypes/rep:AccessControl/jcr:childNodeDefinition[2]
Processing path: /jcr:system/jcr:nodeTypes/dam:AssetContent, node exists: true
createLuceneDocument returned null for path: /jcr:system/jcr:nodeTypes/dam:AssetContent
Processing path: /jcr:system/jcr:nodeTypes/dam:AssetContent/jcr:propertyDefinition[2], node exists: true
createLuceneDocument returned null for path: /jcr:system/jcr:nodeTypes/dam:AssetContent/jcr:propertyDefinition[2]
Processing path: /jcr:system/jcr:nodeTypes/dam:AssetContent/jcr:childNodeDefinition, node exists: true
createLuceneDocument returned null for path: /jcr:system/jcr:nodeTypes/dam:AssetContent/jcr:childNodeDefinition
Processing path: /jcr:system/jcr:nodeTypes/dam:AssetContent/jcr:propertyDefinition, node exists: true
createLuceneDocument returned null for path: /jcr:system/jcr:nodeTypes/dam:AssetContent/jcr:propertyDefinition
Processing path: /jcr:system/jcr:nodeTypes/dam:AssetContent/jcr:childNodeDefinition[2], node exists: true
createLuceneDocument returned null for path: /jcr:system/jcr:nodeTypes/dam:AssetContent/jcr:childNodeDefinition[2]
Processing path: /jcr:system/jcr:nodeTypes/nt:base, node exists: true
createLuceneDocument returned null for path: /jcr:system/jcr:nodeTypes/nt:base
Processing path: /jcr:system/jcr:nodeTypes/nt:base/jcr:propertyDefinition[2], node exists: true
createLuceneDocument returned null for path: /jcr:system/jcr:nodeTypes/nt:base/jcr:propertyDefinition[2]
Processing path: /jcr:system/jcr:nodeTypes/nt:base/jcr:propertyDefinition, node exists: true
createLuceneDocument returned null for path: /jcr:system/jcr:nodeTypes/nt:base/jcr:propertyDefinition
Processing path: /jcr:system/jcr:nodeTypes/rep:User, node exists: true
createLuceneDocument returned null for path: /jcr:system/jcr:nodeTypes/rep:User
Processing path: /jcr:system/jcr:nodeTypes/rep:User/jcr:propertyDefinition[2], node exists: true
createLuceneDocument returned null for path: /jcr:system/jcr:nodeTypes/rep:User/jcr:propertyDefinition[2]
Processing path: /jcr:system/jcr:nodeTypes/rep:User/jcr:childNodeDefinition, node exists: true
createLuceneDocument returned null for path: /jcr:system/jcr:nodeTypes/rep:User/jcr:childNodeDefinition
Processing path: /jcr:system/jcr:nodeTypes/rep:User/jcr:propertyDefinition, node exists: true
createLuceneDocument returned null for path: /jcr:system/jcr:nodeTypes/rep:User/jcr:propertyDefinition
Processing path: /jcr:system/jcr:nodeTypes/rep:versionStorage, node exists: true
createLuceneDocument returned null for path: /jcr:system/jcr:nodeTypes/rep:versionStorage
Processing path: /jcr:system/jcr:nodeTypes/rep:versionStorage/jcr:propertyDefinition[2], node exists: true
createLuceneDocument returned null for path: /jcr:system/jcr:nodeTypes/rep:versionStorage/jcr:propertyDefinition[2]
Processing path: /jcr:system/jcr:nodeTypes/rep:versionStorage/jcr:childNodeDefinition, node exists: true
createLuceneDocument returned null for path: /jcr:system/jcr:nodeTypes/rep:versionStorage/jcr:childNodeDefinition
Processing path: /jcr:system/jcr:nodeTypes/rep:versionStorage/jcr:propertyDefinition, node exists: true
createLuceneDocument returned null for path: /jcr:system/jcr:nodeTypes/rep:versionStorage/jcr:propertyDefinition
Processing path: /jcr:system/jcr:nodeTypes/rep:versionStorage/jcr:childNodeDefinition[2], node exists: true
createLuceneDocument returned null for path: /jcr:system/jcr:nodeTypes/rep:versionStorage/jcr:childNodeDefinition[2]
Processing path: /jcr:system/jcr:nodeTypes/rep:root, node exists: true
createLuceneDocument returned null for path: /jcr:system/jcr:nodeTypes/rep:root
Processing path: /jcr:system/jcr:nodeTypes/rep:root/jcr:childNodeDefinition, node exists: true
createLuceneDocument returned null for path: /jcr:system/jcr:nodeTypes/rep:root/jcr:childNodeDefinition
Processing path: /jcr:system/jcr:nodeTypes/nt:hierarchyNode, node exists: true
createLuceneDocument returned null for path: /jcr:system/jcr:nodeTypes/nt:hierarchyNode
Processing path: /jcr:system/jcr:nodeTypes/nt:versionLabels, node exists: true
createLuceneDocument returned null for path: /jcr:system/jcr:nodeTypes/nt:versionLabels
Processing path: /jcr:system/jcr:nodeTypes/nt:versionLabels/jcr:propertyDefinition, node exists: true
createLuceneDocument returned null for path: /jcr:system/jcr:nodeTypes/nt:versionLabels/jcr:propertyDefinition
Processing path: /jcr:system/jcr:nodeTypes/rep:Permissions, node exists: true
createLuceneDocument returned null for path: /jcr:system/jcr:nodeTypes/rep:Permissions
Processing path: /jcr:system/jcr:nodeTypes/rep:Permissions/jcr:propertyDefinition[2], node exists: true
createLuceneDocument returned null for path: /jcr:system/jcr:nodeTypes/rep:Permissions/jcr:propertyDefinition[2]
Processing path: /jcr:system/jcr:nodeTypes/rep:Permissions/jcr:childNodeDefinition, node exists: true
createLuceneDocument returned null for path: /jcr:system/jcr:nodeTypes/rep:Permissions/jcr:childNodeDefinition
Processing path: /jcr:system/jcr:nodeTypes/rep:Permissions/jcr:propertyDefinition, node exists: true
createLuceneDocument returned null for path: /jcr:system/jcr:nodeTypes/rep:Permissions/jcr:propertyDefinition
Processing path: /jcr:system/jcr:nodeTypes/oak:Unstructured, node exists: true
createLuceneDocument returned null for path: /jcr:system/jcr:nodeTypes/oak:Unstructured
Processing path: /jcr:system/jcr:nodeTypes/oak:Unstructured/jcr:propertyDefinition[2], node exists: true
createLuceneDocument returned null for path: /jcr:system/jcr:nodeTypes/oak:Unstructured/jcr:propertyDefinition[2]
Processing path: /jcr:system/jcr:nodeTypes/oak:Unstructured/jcr:childNodeDefinition, node exists: true
createLuceneDocument returned null for path: /jcr:system/jcr:nodeTypes/oak:Unstructured/jcr:childNodeDefinition
Processing path: /jcr:system/jcr:nodeTypes/oak:Unstructured/jcr:propertyDefinition, node exists: true
createLuceneDocument returned null for path: /jcr:system/jcr:nodeTypes/oak:Unstructured/jcr:propertyDefinition
Processing path: /jcr:system/jcr:nodeTypes/nt:versionHistory, node exists: true
createLuceneDocument returned null for path: /jcr:system/jcr:nodeTypes/nt:versionHistory
Processing path: /jcr:system/jcr:nodeTypes/nt:versionHistory/jcr:propertyDefinition[2], node exists: true
createLuceneDocument returned null for path: /jcr:system/jcr:nodeTypes/nt:versionHistory/jcr:propertyDefinition[2]
Processing path: /jcr:system/jcr:nodeTypes/nt:versionHistory/jcr:childNodeDefinition, node exists: true
createLuceneDocument returned null for path: /jcr:system/jcr:nodeTypes/nt:versionHistory/jcr:childNodeDefinition
Processing path: /jcr:system/jcr:nodeTypes/nt:versionHistory/jcr:childNodeDefinition[3], node exists: true
createLuceneDocument returned null for path: /jcr:system/jcr:nodeTypes/nt:versionHistory/jcr:childNodeDefinition[3]
Processing path: /jcr:system/jcr:nodeTypes/nt:versionHistory/jcr:propertyDefinition, node exists: true
createLuceneDocument returned null for path: /jcr:system/jcr:nodeTypes/nt:versionHistory/jcr:propertyDefinition
Processing path: /jcr:system/jcr:nodeTypes/nt:versionHistory/jcr:childNodeDefinition[2], node exists: true
createLuceneDocument returned null for path: /jcr:system/jcr:nodeTypes/nt:versionHistory/jcr:childNodeDefinition[2]
Processing path: /jcr:system/jcr:nodeTypes/oak:Resource, node exists: true
createLuceneDocument returned null for path: /jcr:system/jcr:nodeTypes/oak:Resource
Processing path: /jcr:system/jcr:nodeTypes/oak:Resource/jcr:propertyDefinition, node exists: true
createLuceneDocument returned null for path: /jcr:system/jcr:nodeTypes/oak:Resource/jcr:propertyDefinition
Processing path: /jcr:system/jcr:nodeTypes/nt:linkedFile, node exists: true
createLuceneDocument returned null for path: /jcr:system/jcr:nodeTypes/nt:linkedFile
Processing path: /jcr:system/jcr:nodeTypes/nt:linkedFile/jcr:propertyDefinition, node exists: true
createLuceneDocument returned null for path: /jcr:system/jcr:nodeTypes/nt:linkedFile/jcr:propertyDefinition
Processing path: /jcr:system/jcr:nodeTypes/rep:Privileges, node exists: true
createLuceneDocument returned null for path: /jcr:system/jcr:nodeTypes/rep:Privileges
Processing path: /jcr:system/jcr:nodeTypes/rep:Privileges/jcr:childNodeDefinition, node exists: true
createLuceneDocument returned null for path: /jcr:system/jcr:nodeTypes/rep:Privileges/jcr:childNodeDefinition
Processing path: /jcr:system/jcr:nodeTypes/rep:Privileges/jcr:propertyDefinition, node exists: true
createLuceneDocument returned null for path: /jcr:system/jcr:nodeTypes/rep:Privileges/jcr:propertyDefinition
Processing path: /jcr:system/jcr:nodeTypes/mix:title, node exists: true
createLuceneDocument returned null for path: /jcr:system/jcr:nodeTypes/mix:title
Processing path: /jcr:system/jcr:nodeTypes/mix:title/jcr:propertyDefinition[2], node exists: true
createLuceneDocument returned null for path: /jcr:system/jcr:nodeTypes/mix:title/jcr:propertyDefinition[2]
Processing path: /jcr:system/jcr:nodeTypes/mix:title/jcr:propertyDefinition, node exists: true
createLuceneDocument returned null for path: /jcr:system/jcr:nodeTypes/mix:title/jcr:propertyDefinition
Processing path: /jcr:system/jcr:nodeTypes/nt:configuration, node exists: true
createLuceneDocument returned null for path: /jcr:system/jcr:nodeTypes/nt:configuration
Processing path: /jcr:system/jcr:nodeTypes/nt:configuration/jcr:propertyDefinition, node exists: true
createLuceneDocument returned null for path: /jcr:system/jcr:nodeTypes/nt:configuration/jcr:propertyDefinition
Processing path: /jcr:system/jcr:nodeTypes/mix:lockable, node exists: true
createLuceneDocument returned null for path: /jcr:system/jcr:nodeTypes/mix:lockable
Processing path: /jcr:system/jcr:nodeTypes/mix:lockable/jcr:propertyDefinition[2], node exists: true
createLuceneDocument returned null for path: /jcr:system/jcr:nodeTypes/mix:lockable/jcr:propertyDefinition[2]
Processing path: /jcr:system/jcr:nodeTypes/mix:lockable/jcr:propertyDefinition, node exists: true
createLuceneDocument returned null for path: /jcr:system/jcr:nodeTypes/mix:lockable/jcr:propertyDefinition
Processing path: /jcr:system/jcr:nodeTypes/rep:system, node exists: true
createLuceneDocument returned null for path: /jcr:system/jcr:nodeTypes/rep:system
Processing path: /jcr:system/jcr:nodeTypes/rep:system/jcr:childNodeDefinition, node exists: true
createLuceneDocument returned null for path: /jcr:system/jcr:nodeTypes/rep:system/jcr:childNodeDefinition
Processing path: /jcr:system/jcr:nodeTypes/rep:system/jcr:childNodeDefinition[3], node exists: true
createLuceneDocument returned null for path: /jcr:system/jcr:nodeTypes/rep:system/jcr:childNodeDefinition[3]
Processing path: /jcr:system/jcr:nodeTypes/rep:system/jcr:childNodeDefinition[4], node exists: true
createLuceneDocument returned null for path: /jcr:system/jcr:nodeTypes/rep:system/jcr:childNodeDefinition[4]
Processing path: /jcr:system/jcr:nodeTypes/rep:system/jcr:childNodeDefinition[2], node exists: true
createLuceneDocument returned null for path: /jcr:system/jcr:nodeTypes/rep:system/jcr:childNodeDefinition[2]
Processing path: /jcr:system/jcr:nodeTypes/rep:system/jcr:childNodeDefinition[5], node exists: true
createLuceneDocument returned null for path: /jcr:system/jcr:nodeTypes/rep:system/jcr:childNodeDefinition[5]
Processing path: /jcr:system/jcr:nodeTypes/rep:system/jcr:childNodeDefinition[6], node exists: true
createLuceneDocument returned null for path: /jcr:system/jcr:nodeTypes/rep:system/jcr:childNodeDefinition[6]
Processing path: /jcr:system/jcr:nodeTypes/nt:folder, node exists: true
createLuceneDocument returned null for path: /jcr:system/jcr:nodeTypes/nt:folder
Processing path: /jcr:system/jcr:nodeTypes/nt:folder/jcr:childNodeDefinition, node exists: true
createLuceneDocument returned null for path: /jcr:system/jcr:nodeTypes/nt:folder/jcr:childNodeDefinition
Processing path: /jcr:system/jcr:nodeTypes/rep:DenyACE, node exists: true
createLuceneDocument returned null for path: /jcr:system/jcr:nodeTypes/rep:DenyACE
Processing path: /jcr:system/jcr:nodeTypes/mix:lastModified, node exists: true
createLuceneDocument returned null for path: /jcr:system/jcr:nodeTypes/mix:lastModified
Processing path: /jcr:system/jcr:nodeTypes/mix:lastModified/jcr:propertyDefinition[2], node exists: true
createLuceneDocument returned null for path: /jcr:system/jcr:nodeTypes/mix:lastModified/jcr:propertyDefinition[2]
Processing path: /jcr:system/jcr:nodeTypes/mix:lastModified/jcr:propertyDefinition, node exists: true
createLuceneDocument returned null for path: /jcr:system/jcr:nodeTypes/mix:lastModified/jcr:propertyDefinition
Processing path: /jcr:system/jcr:nodeTypes/rep:PermissionStore, node exists: true
createLuceneDocument returned null for path: /jcr:system/jcr:nodeTypes/rep:PermissionStore
Processing path: /jcr:system/jcr:nodeTypes/rep:PermissionStore/jcr:propertyDefinition[2], node exists: true
createLuceneDocument returned null for path: /jcr:system/jcr:nodeTypes/rep:PermissionStore/jcr:propertyDefinition[2]
Processing path: /jcr:system/jcr:nodeTypes/rep:PermissionStore/jcr:propertyDefinition[3], node exists: true
createLuceneDocument returned null for path: /jcr:system/jcr:nodeTypes/rep:PermissionStore/jcr:propertyDefinition[3]
Processing path: /jcr:system/jcr:nodeTypes/rep:PermissionStore/jcr:childNodeDefinition, node exists: true
createLuceneDocument returned null for path: /jcr:system/jcr:nodeTypes/rep:PermissionStore/jcr:childNodeDefinition
Processing path: /jcr:system/jcr:nodeTypes/rep:PermissionStore/jcr:propertyDefinition, node exists: true
createLuceneDocument returned null for path: /jcr:system/jcr:nodeTypes/rep:PermissionStore/jcr:propertyDefinition
Processing path: /jcr:system/jcr:nodeTypes/rep:PermissionStore/jcr:childNodeDefinition[2], node exists: true
createLuceneDocument returned null for path: /jcr:system/jcr:nodeTypes/rep:PermissionStore/jcr:childNodeDefinition[2]
Processing path: /jcr:system/jcr:nodeTypes/rep:Configurations, node exists: true
createLuceneDocument returned null for path: /jcr:system/jcr:nodeTypes/rep:Configurations
Processing path: /jcr:system/jcr:nodeTypes/rep:Configurations/jcr:childNodeDefinition, node exists: true
createLuceneDocument returned null for path: /jcr:system/jcr:nodeTypes/rep:Configurations/jcr:childNodeDefinition
Processing path: /jcr:system/jcr:nodeTypes/rep:Configurations/jcr:childNodeDefinition[2], node exists: true
createLuceneDocument returned null for path: /jcr:system/jcr:nodeTypes/rep:Configurations/jcr:childNodeDefinition[2]
Processing path: /jcr:system/jcr:nodeTypes/mix:simpleVersionable, node exists: true
createLuceneDocument returned null for path: /jcr:system/jcr:nodeTypes/mix:simpleVersionable
Processing path: /jcr:system/jcr:nodeTypes/mix:simpleVersionable/jcr:propertyDefinition, node exists: true
createLuceneDocument returned null for path: /jcr:system/jcr:nodeTypes/mix:simpleVersionable/jcr:propertyDefinition
Processing path: /jcr:system/jcr:nodeTypes/nt:versionedChild, node exists: true
createLuceneDocument returned null for path: /jcr:system/jcr:nodeTypes/nt:versionedChild
Processing path: /jcr:system/jcr:nodeTypes/nt:versionedChild/jcr:propertyDefinition, node exists: true
createLuceneDocument returned null for path: /jcr:system/jcr:nodeTypes/nt:versionedChild/jcr:propertyDefinition
Processing path: /jcr:system/jcr:nodeTypes/rep:Activities, node exists: true
createLuceneDocument returned null for path: /jcr:system/jcr:nodeTypes/rep:Activities
Processing path: /jcr:system/jcr:nodeTypes/rep:Activities/jcr:childNodeDefinition, node exists: true
createLuceneDocument returned null for path: /jcr:system/jcr:nodeTypes/rep:Activities/jcr:childNodeDefinition
Processing path: /jcr:system/jcr:nodeTypes/rep:Activities/jcr:childNodeDefinition[2], node exists: true
createLuceneDocument returned null for path: /jcr:system/jcr:nodeTypes/rep:Activities/jcr:childNodeDefinition[2]
Processing path: /jcr:system/jcr:nodeTypes/rep:Group, node exists: true
createLuceneDocument returned null for path: /jcr:system/jcr:nodeTypes/rep:Group
Processing path: /jcr:system/jcr:nodeTypes/rep:Group/jcr:childNodeDefinition, node exists: true
createLuceneDocument returned null for path: /jcr:system/jcr:nodeTypes/rep:Group/jcr:childNodeDefinition
Processing path: /jcr:system/jcr:nodeTypes/rep:Group/jcr:childNodeDefinition[2], node exists: true
createLuceneDocument returned null for path: /jcr:system/jcr:nodeTypes/rep:Group/jcr:childNodeDefinition[2]
Processing path: /jcr:system/jcr:nodeTypes/nt:query, node exists: true
createLuceneDocument returned null for path: /jcr:system/jcr:nodeTypes/nt:query
Processing path: /jcr:system/jcr:nodeTypes/nt:query/jcr:propertyDefinition[2], node exists: true
createLuceneDocument returned null for path: /jcr:system/jcr:nodeTypes/nt:query/jcr:propertyDefinition[2]
Processing path: /jcr:system/jcr:nodeTypes/nt:query/jcr:propertyDefinition, node exists: true
createLuceneDocument returned null for path: /jcr:system/jcr:nodeTypes/nt:query/jcr:propertyDefinition
Processing path: /jcr:system/jcr:nodeTypes/rep:RetentionManageable, node exists: true
createLuceneDocument returned null for path: /jcr:system/jcr:nodeTypes/rep:RetentionManageable
Processing path: /jcr:system/jcr:nodeTypes/rep:RetentionManageable/jcr:propertyDefinition[2], node exists: true
createLuceneDocument returned null for path: /jcr:system/jcr:nodeTypes/rep:RetentionManageable/jcr:propertyDefinition[2]
Processing path: /jcr:system/jcr:nodeTypes/rep:RetentionManageable/jcr:propertyDefinition, node exists: true
createLuceneDocument returned null for path: /jcr:system/jcr:nodeTypes/rep:RetentionManageable/jcr:propertyDefinition
Processing path: /jcr:system/jcr:nodeTypes/rep:Token, node exists: true
createLuceneDocument returned null for path: /jcr:system/jcr:nodeTypes/rep:Token
Processing path: /jcr:system/jcr:nodeTypes/rep:Token/jcr:propertyDefinition[4], node exists: true
createLuceneDocument returned null for path: /jcr:system/jcr:nodeTypes/rep:Token/jcr:propertyDefinition[4]
Processing path: /jcr:system/jcr:nodeTypes/rep:Token/jcr:propertyDefinition[2], node exists: true
createLuceneDocument returned null for path: /jcr:system/jcr:nodeTypes/rep:Token/jcr:propertyDefinition[2]
Processing path: /jcr:system/jcr:nodeTypes/rep:Token/jcr:propertyDefinition[3], node exists: true
createLuceneDocument returned null for path: /jcr:system/jcr:nodeTypes/rep:Token/jcr:propertyDefinition[3]
Processing path: /jcr:system/jcr:nodeTypes/rep:Token/jcr:propertyDefinition, node exists: true
createLuceneDocument returned null for path: /jcr:system/jcr:nodeTypes/rep:Token/jcr:propertyDefinition
Processing path: /jcr:system/jcr:nodeTypes/nt:address, node exists: true
createLuceneDocument returned null for path: /jcr:system/jcr:nodeTypes/nt:address
Processing path: /jcr:system/jcr:nodeTypes/nt:address/jcr:propertyDefinition[4], node exists: true
createLuceneDocument returned null for path: /jcr:system/jcr:nodeTypes/nt:address/jcr:propertyDefinition[4]
Processing path: /jcr:system/jcr:nodeTypes/nt:address/jcr:propertyDefinition[5], node exists: true
createLuceneDocument returned null for path: /jcr:system/jcr:nodeTypes/nt:address/jcr:propertyDefinition[5]
Processing path: /jcr:system/jcr:nodeTypes/nt:address/jcr:propertyDefinition[6], node exists: true
createLuceneDocument returned null for path: /jcr:system/jcr:nodeTypes/nt:address/jcr:propertyDefinition[6]
Processing path: /jcr:system/jcr:nodeTypes/nt:address/jcr:propertyDefinition[7], node exists: true
createLuceneDocument returned null for path: /jcr:system/jcr:nodeTypes/nt:address/jcr:propertyDefinition[7]
Processing path: /jcr:system/jcr:nodeTypes/nt:address/jcr:propertyDefinition[2], node exists: true
createLuceneDocument returned null for path: /jcr:system/jcr:nodeTypes/nt:address/jcr:propertyDefinition[2]
Processing path: /jcr:system/jcr:nodeTypes/nt:address/jcr:propertyDefinition[3], node exists: true
createLuceneDocument returned null for path: /jcr:system/jcr:nodeTypes/nt:address/jcr:propertyDefinition[3]
Processing path: /jcr:system/jcr:nodeTypes/nt:address/jcr:propertyDefinition, node exists: true
createLuceneDocument returned null for path: /jcr:system/jcr:nodeTypes/nt:address/jcr:propertyDefinition
Processing path: /jcr:system/jcr:nodeTypes/mix:indexable, node exists: true
createLuceneDocument returned null for path: /jcr:system/jcr:nodeTypes/mix:indexable
Processing path: /jcr:system/jcr:nodeTypes/mix:indexable/jcr:childNodeDefinition, node exists: true
createLuceneDocument returned null for path: /jcr:system/jcr:nodeTypes/mix:indexable/jcr:childNodeDefinition
Processing path: /jcr:system/jcr:nodeTypes/nt:nodeType, node exists: true
createLuceneDocument returned null for path: /jcr:system/jcr:nodeTypes/nt:nodeType
Processing path: /jcr:system/jcr:nodeTypes/nt:nodeType/jcr:propertyDefinition[4], node exists: true
createLuceneDocument returned null for path: /jcr:system/jcr:nodeTypes/nt:nodeType/jcr:propertyDefinition[4]
Processing path: /jcr:system/jcr:nodeTypes/nt:nodeType/jcr:propertyDefinition[5], node exists: true
createLuceneDocument returned null for path: /jcr:system/jcr:nodeTypes/nt:nodeType/jcr:propertyDefinition[5]
Processing path: /jcr:system/jcr:nodeTypes/nt:nodeType/jcr:propertyDefinition[6], node exists: true
createLuceneDocument returned null for path: /jcr:system/jcr:nodeTypes/nt:nodeType/jcr:propertyDefinition[6]
Processing path: /jcr:system/jcr:nodeTypes/nt:nodeType/jcr:propertyDefinition[7], node exists: true
createLuceneDocument returned null for path: /jcr:system/jcr:nodeTypes/nt:nodeType/jcr:propertyDefinition[7]
Processing path: /jcr:system/jcr:nodeTypes/nt:nodeType/jcr:propertyDefinition[2], node exists: true
createLuceneDocument returned null for path: /jcr:system/jcr:nodeTypes/nt:nodeType/jcr:propertyDefinition[2]
Processing path: /jcr:system/jcr:nodeTypes/nt:nodeType/jcr:propertyDefinition[3], node exists: true
createLuceneDocument returned null for path: /jcr:system/jcr:nodeTypes/nt:nodeType/jcr:propertyDefinition[3]
Processing path: /jcr:system/jcr:nodeTypes/nt:nodeType/jcr:childNodeDefinition, node exists: true
createLuceneDocument returned null for path: /jcr:system/jcr:nodeTypes/nt:nodeType/jcr:childNodeDefinition
Processing path: /jcr:system/jcr:nodeTypes/nt:nodeType/jcr:propertyDefinition, node exists: true
createLuceneDocument returned null for path: /jcr:system/jcr:nodeTypes/nt:nodeType/jcr:propertyDefinition
Processing path: /jcr:system/jcr:nodeTypes/nt:nodeType/jcr:childNodeDefinition[2], node exists: true
createLuceneDocument returned null for path: /jcr:system/jcr:nodeTypes/nt:nodeType/jcr:childNodeDefinition[2]
Processing path: /jcr:system/jcr:nodeTypes/nt:file, node exists: true
createLuceneDocument returned null for path: /jcr:system/jcr:nodeTypes/nt:file
Processing path: /jcr:system/jcr:nodeTypes/nt:file/jcr:childNodeDefinition, node exists: true
createLuceneDocument returned null for path: /jcr:system/jcr:nodeTypes/nt:file/jcr:childNodeDefinition
Processing path: /jcr:system/jcr:nodeTypes/rep:NamedChildNodeDefinitions, node exists: true
createLuceneDocument returned null for path: /jcr:system/jcr:nodeTypes/rep:NamedChildNodeDefinitions
Processing path: /jcr:system/jcr:nodeTypes/rep:NamedChildNodeDefinitions/jcr:childNodeDefinition, node exists: true
createLuceneDocument returned null for path: /jcr:system/jcr:nodeTypes/rep:NamedChildNodeDefinitions/jcr:childNodeDefinition
Processing path: /jcr:system/jcr:nodeTypes/rep:MemberReferences, node exists: true
createLuceneDocument returned null for path: /jcr:system/jcr:nodeTypes/rep:MemberReferences
Processing path: /jcr:system/jcr:nodeTypes/rep:MemberReferences/jcr:propertyDefinition, node exists: true
createLuceneDocument returned null for path: /jcr:system/jcr:nodeTypes/rep:MemberReferences/jcr:propertyDefinition
Processing path: /jcr:system/jcr:nodeTypes/rep:NamedPropertyDefinitions, node exists: true
createLuceneDocument returned null for path: /jcr:system/jcr:nodeTypes/rep:NamedPropertyDefinitions
Processing path: /jcr:system/jcr:nodeTypes/rep:NamedPropertyDefinitions/jcr:childNodeDefinition, node exists: true
createLuceneDocument returned null for path: /jcr:system/jcr:nodeTypes/rep:NamedPropertyDefinitions/jcr:childNodeDefinition
Processing path: /jcr:system/jcr:nodeTypes/rep:Impersonatable, node exists: true
createLuceneDocument returned null for path: /jcr:system/jcr:nodeTypes/rep:Impersonatable
Processing path: /jcr:system/jcr:nodeTypes/rep:Impersonatable/jcr:propertyDefinition, node exists: true
createLuceneDocument returned null for path: /jcr:system/jcr:nodeTypes/rep:Impersonatable/jcr:propertyDefinition
Processing path: /jcr:system/jcr:nodeTypes/rep:ChildNodeDefinitions, node exists: true
createLuceneDocument returned null for path: /jcr:system/jcr:nodeTypes/rep:ChildNodeDefinitions
Processing path: /jcr:system/jcr:nodeTypes/rep:ChildNodeDefinitions/jcr:childNodeDefinition, node exists: true
createLuceneDocument returned null for path: /jcr:system/jcr:nodeTypes/rep:ChildNodeDefinitions/jcr:childNodeDefinition
Processing path: /jcr:system/jcr:nodeTypes/rep:MergeConflict, node exists: true
createLuceneDocument returned null for path: /jcr:system/jcr:nodeTypes/rep:MergeConflict
Processing path: /jcr:system/jcr:nodeTypes/rep:MergeConflict/jcr:childNodeDefinition, node exists: true
createLuceneDocument returned null for path: /jcr:system/jcr:nodeTypes/rep:MergeConflict/jcr:childNodeDefinition
Processing path: /jcr:system/jcr:nodeTypes/nt:resource, node exists: true
createLuceneDocument returned null for path: /jcr:system/jcr:nodeTypes/nt:resource
Processing path: /jcr:system/jcr:nodeTypes/nt:resource/jcr:propertyDefinition, node exists: true
createLuceneDocument returned null for path: /jcr:system/jcr:nodeTypes/nt:resource/jcr:propertyDefinition
Processing path: /jcr:system/jcr:nodeTypes/mix:atomicCounter, node exists: true
createLuceneDocument returned null for path: /jcr:system/jcr:nodeTypes/mix:atomicCounter
Processing path: /jcr:system/jcr:nodeTypes/mix:atomicCounter/jcr:propertyDefinition, node exists: true
createLuceneDocument returned null for path: /jcr:system/jcr:nodeTypes/mix:atomicCounter/jcr:propertyDefinition
Processing path: /jcr:system/jcr:nodeTypes/rep:PrincipalAccessControl, node exists: true
createLuceneDocument returned null for path: /jcr:system/jcr:nodeTypes/rep:PrincipalAccessControl
Processing path: /jcr:system/jcr:nodeTypes/rep:PrincipalAccessControl/jcr:childNodeDefinition, node exists: true
createLuceneDocument returned null for path: /jcr:system/jcr:nodeTypes/rep:PrincipalAccessControl/jcr:childNodeDefinition
Processing path: /jcr:system/jcr:nodeTypes/rep:Privilege, node exists: true
createLuceneDocument returned null for path: /jcr:system/jcr:nodeTypes/rep:Privilege
Processing path: /jcr:system/jcr:nodeTypes/rep:Privilege/jcr:propertyDefinition[2], node exists: true
createLuceneDocument returned null for path: /jcr:system/jcr:nodeTypes/rep:Privilege/jcr:propertyDefinition[2]
Processing path: /jcr:system/jcr:nodeTypes/rep:Privilege/jcr:propertyDefinition[3], node exists: true
createLuceneDocument returned null for path: /jcr:system/jcr:nodeTypes/rep:Privilege/jcr:propertyDefinition[3]
Processing path: /jcr:system/jcr:nodeTypes/rep:Privilege/jcr:propertyDefinition, node exists: true
createLuceneDocument returned null for path: /jcr:system/jcr:nodeTypes/rep:Privilege/jcr:propertyDefinition
Processing path: /jcr:system/jcr:nodeTypes/rep:Policy, node exists: true
createLuceneDocument returned null for path: /jcr:system/jcr:nodeTypes/rep:Policy
Processing path: /jcr:system/jcr:nodeTypes/rep:NodeType, node exists: true
createLuceneDocument returned null for path: /jcr:system/jcr:nodeTypes/rep:NodeType
Processing path: /jcr:system/jcr:nodeTypes/rep:NodeType/jcr:propertyDefinition[4], node exists: true
createLuceneDocument returned null for path: /jcr:system/jcr:nodeTypes/rep:NodeType/jcr:propertyDefinition[4]
Processing path: /jcr:system/jcr:nodeTypes/rep:NodeType/jcr:propertyDefinition[5], node exists: true
createLuceneDocument returned null for path: /jcr:system/jcr:nodeTypes/rep:NodeType/jcr:propertyDefinition[5]
Processing path: /jcr:system/jcr:nodeTypes/rep:NodeType/jcr:propertyDefinition[6], node exists: true
createLuceneDocument returned null for path: /jcr:system/jcr:nodeTypes/rep:NodeType/jcr:propertyDefinition[6]
Processing path: /jcr:system/jcr:nodeTypes/rep:NodeType/jcr:propertyDefinition[7], node exists: true
createLuceneDocument returned null for path: /jcr:system/jcr:nodeTypes/rep:NodeType/jcr:propertyDefinition[7]
Processing path: /jcr:system/jcr:nodeTypes/rep:NodeType/jcr:propertyDefinition[2], node exists: true
createLuceneDocument returned null for path: /jcr:system/jcr:nodeTypes/rep:NodeType/jcr:propertyDefinition[2]
Processing path: /jcr:system/jcr:nodeTypes/rep:NodeType/jcr:propertyDefinition[3], node exists: true
createLuceneDocument returned null for path: /jcr:system/jcr:nodeTypes/rep:NodeType/jcr:propertyDefinition[3]
Processing path: /jcr:system/jcr:nodeTypes/rep:NodeType/jcr:childNodeDefinition, node exists: true
createLuceneDocument returned null for path: /jcr:system/jcr:nodeTypes/rep:NodeType/jcr:childNodeDefinition
Processing path: /jcr:system/jcr:nodeTypes/rep:NodeType/jcr:childNodeDefinition[3], node exists: true
createLuceneDocument returned null for path: /jcr:system/jcr:nodeTypes/rep:NodeType/jcr:childNodeDefinition[3]
Processing path: /jcr:system/jcr:nodeTypes/rep:NodeType/jcr:childNodeDefinition[4], node exists: true
createLuceneDocument returned null for path: /jcr:system/jcr:nodeTypes/rep:NodeType/jcr:childNodeDefinition[4]
Processing path: /jcr:system/jcr:nodeTypes/rep:NodeType/jcr:childNodeDefinition[2], node exists: true
createLuceneDocument returned null for path: /jcr:system/jcr:nodeTypes/rep:NodeType/jcr:childNodeDefinition[2]
Processing path: /jcr:system/jcr:nodeTypes/rep:NodeType/jcr:propertyDefinition[8], node exists: true
createLuceneDocument returned null for path: /jcr:system/jcr:nodeTypes/rep:NodeType/jcr:propertyDefinition[8]
Processing path: /jcr:system/jcr:nodeTypes/rep:NodeType/jcr:propertyDefinition[9], node exists: true
createLuceneDocument returned null for path: /jcr:system/jcr:nodeTypes/rep:NodeType/jcr:propertyDefinition[9]
Processing path: /jcr:system/jcr:nodeTypes/rep:NodeType/jcr:propertyDefinition[10], node exists: true
createLuceneDocument returned null for path: /jcr:system/jcr:nodeTypes/rep:NodeType/jcr:propertyDefinition[10]
Processing path: /jcr:system/jcr:nodeTypes/rep:NodeType/jcr:propertyDefinition, node exists: true
createLuceneDocument returned null for path: /jcr:system/jcr:nodeTypes/rep:NodeType/jcr:propertyDefinition
Processing path: /oak:index, node exists: true
createLuceneDocument returned null for path: /oak:index
Processing path: /oak:index/changeTrackingIndex, node exists: true
createLuceneDocument returned null for path: /oak:index/changeTrackingIndex
Processing path: /oak:index/changeTrackingIndex/indexRules, node exists: true
createLuceneDocument returned null for path: /oak:index/changeTrackingIndex/indexRules
Processing path: /oak:index/changeTrackingIndex/indexRules/nt:base, node exists: true
createLuceneDocument returned null for path: /oak:index/changeTrackingIndex/indexRules/nt:base
Processing path: /oak:index/changeTrackingIndex/indexRules/nt:base/properties, node exists: true
createLuceneDocument returned null for path: /oak:index/changeTrackingIndex/indexRules/nt:base/properties
Processing path: /oak:index/changeTrackingIndex/indexRules/nt:base/properties/ctDiffProcessingTime, node exists: true
createLuceneDocument returned null for path: /oak:index/changeTrackingIndex/indexRules/nt:base/properties/ctDiffProcessingTime
Processing path: /oak:index/changeTrackingIndex/indexRules/nt:base/properties/ctSerialNumber, node exists: true
createLuceneDocument returned null for path: /oak:index/changeTrackingIndex/indexRules/nt:base/properties/ctSerialNumber
Processing path: /oak:index/changeTrackingIndex/indexRules/nt:base/properties/ctPath, node exists: true
createLuceneDocument returned null for path: /oak:index/changeTrackingIndex/indexRules/nt:base/properties/ctPath
Processing path: /oak:index/deleteTestIndex, node exists: true
createLuceneDocument returned null for path: /oak:index/deleteTestIndex
Processing path: /oak:index/deleteTestIndex/indexRules, node exists: true
createLuceneDocument returned null for path: /oak:index/deleteTestIndex/indexRules
Processing path: /oak:index/deleteTestIndex/indexRules/nt:unstructured, node exists: true
createLuceneDocument returned null for path: /oak:index/deleteTestIndex/indexRules/nt:unstructured
Processing path: /oak:index/deleteTestIndex/indexRules/nt:unstructured/properties, node exists: true
createLuceneDocument returned null for path: /oak:index/deleteTestIndex/indexRules/nt:unstructured/properties
Processing path: /oak:index/deleteTestIndex/aggregates, node exists: true
createLuceneDocument returned null for path: /oak:index/deleteTestIndex/aggregates
Processing path: /oak:index/deleteTestIndex/aggregates/nt:unstructured, node exists: true
createLuceneDocument returned null for path: /oak:index/deleteTestIndex/aggregates/nt:unstructured
Processing path: /oak:index/deleteTestIndex/aggregates/nt:unstructured/include0, node exists: true
createLuceneDocument returned null for path: /oak:index/deleteTestIndex/aggregates/nt:unstructured/include0
Processing chunk for /oak:index/searchIndex ts=0
Found 331 changes
Processing path: /, node exists: true
createLuceneDocument returned null for path: /
  Property: jcr:primaryType = rep:root
Processing path: /var, node exists: true
createLuceneDocument returned null for path: /var
Processing path: /var/oak, node exists: true
createLuceneDocument returned null for path: /var/oak
Processing path: /var/oak/indexing, node exists: true
createLuceneDocument returned null for path: /var/oak/indexing
Processing path: /var/oak/indexing/progress, node exists: true
createLuceneDocument returned null for path: /var/oak/indexing/progress
Processing path: /var/oak/indexing/progress/indexes, node exists: true
createLuceneDocument returned null for path: /var/oak/indexing/progress/indexes
Processing path: /var/oak/indexing/progress/indexes/searchIndex, node exists: true
createLuceneDocument returned null for path: /var/oak/indexing/progress/indexes/searchIndex
  Property: lastProcessedSerialNumber = 0
  Property: lastChunkCommit = 0
  Property: currentChunkEnd = 0
  Property: processingStarted = 0
  Property: lastProcessedTimestamp = 0
  Property: currentChunkStart = 0
  Property: indexPath = /oak:index/searchIndex
Processing path: /var/oak/indexing/progress/indexes/searchIndex/stats, node exists: true
createLuceneDocument returned null for path: /var/oak/indexing/progress/indexes/searchIndex/stats
  Property: averageChunkTime = 0
  Property: totalProcessed = 0
  Property: totalChunks = 0
  Property: lastChunkSize = 0
Processing path: /var/oak/indexing/progress/indexes/damAssetLucene13, node exists: true
createLuceneDocument returned null for path: /var/oak/indexing/progress/indexes/damAssetLucene13
  Property: lastProcessedSerialNumber = 0
  Property: lastChunkCommit = 0
  Property: currentChunkEnd = 0
  Property: processingStarted = 0
  Property: lastProcessedTimestamp = 0
  Property: currentChunkStart = 0
  Property: indexPath = /oak:index/damAssetLucene13
Processing path: /var/oak/indexing/progress/indexes/damAssetLucene13/stats, node exists: true
createLuceneDocument returned null for path: /var/oak/indexing/progress/indexes/damAssetLucene13/stats
  Property: averageChunkTime = 0
  Property: totalProcessed = 0
  Property: totalChunks = 0
  Property: lastChunkSize = 0
Processing path: /var/oak/indexing/progress/changeTracker, node exists: true
createLuceneDocument returned null for path: /var/oak/indexing/progress/changeTracker
Processing path: /jcr:system, node exists: true
createLuceneDocument returned null for path: /jcr:system
  Property: jcr:primaryType = rep:system
Processing path: /jcr:system/rep:namespaces, node exists: true
createLuceneDocument returned null for path: /jcr:system/rep:namespaces
  Property: dam = http://www.day.com/dam/1.0
  Property: sv = http://www.jcp.org/jcr/sv/1.0
  Property: nt = http://www.jcp.org/jcr/nt/1.0
  Property: xml = http://www.w3.org/XML/1998/namespace
  Property: jcr = http://www.jcp.org/jcr/1.0
  Property: oak = http://jackrabbit.apache.org/oak/ns/1.0
  Property: jcr:primaryType = rep:Unstructured
  Property: rep = internal
  Property: mix = http://www.jcp.org/jcr/mix/1.0
Processing path: /jcr:system/rep:namespaces/rep:nsdata, node exists: true
createLuceneDocument returned null for path: /jcr:system/rep:namespaces/rep:nsdata
  Property: internal = rep
  Property: http%3A%2F%2Fwww.w3.org%2FXML%2F1998%2Fnamespace = xml
  Property: http%3A%2F%2Fwww.jcp.org%2Fjcr%2F1.0 = jcr
Processing path: /jcr:system/jcr:activities, node exists: true
createLuceneDocument returned null for path: /jcr:system/jcr:activities
  Property: jcr:primaryType = rep:Activities
Processing path: /jcr:system/jcr:versionStorage, node exists: true
createLuceneDocument returned null for path: /jcr:system/jcr:versionStorage
  Property: jcr:primaryType = rep:versionStorage
Processing path: /jcr:system/jcr:nodeTypes, node exists: true
createLuceneDocument returned null for path: /jcr:system/jcr:nodeTypes
  Property: jcr:primaryType = rep:nodeTypes
Processing path: /jcr:system/jcr:nodeTypes/rep:Unstructured, node exists: true
createLuceneDocument returned null for path: /jcr:system/jcr:nodeTypes/rep:Unstructured
  Property: jcr:isQueryable = true
  Property: jcr:nodeTypeName = rep:Unstructured
Processing path: /jcr:system/jcr:nodeTypes/rep:Unstructured/jcr:propertyDefinition[2], node exists: true
createLuceneDocument returned null for path: /jcr:system/jcr:nodeTypes/rep:Unstructured/jcr:propertyDefinition[2]
Processing path: /jcr:system/jcr:nodeTypes/rep:Unstructured/jcr:childNodeDefinition, node exists: true
createLuceneDocument returned null for path: /jcr:system/jcr:nodeTypes/rep:Unstructured/jcr:childNodeDefinition
  Property: jcr:autoCreated = false
  Property: jcr:protected = false
  Property: jcr:onParentVersion = IGNORE
  Property: jcr:defaultPrimaryType = rep:Unstructured
  Property: jcr:primaryType = nt:childNodeDefinition
  Property: jcr:mandatory = false
  Property: jcr:sameNameSiblings = false
Processing path: /jcr:system/jcr:nodeTypes/rep:Unstructured/jcr:propertyDefinition, node exists: true
createLuceneDocument returned null for path: /jcr:system/jcr:nodeTypes/rep:Unstructured/jcr:propertyDefinition
Processing path: /jcr:system/jcr:nodeTypes/mix:language, node exists: true
createLuceneDocument returned null for path: /jcr:system/jcr:nodeTypes/mix:language
  Property: jcr:isQueryable = true
  Property: jcr:nodeTypeName = mix:language
  Property: jcr:isAbstract = false
  Property: jcr:hasOrderableChildNodes = false
  Property: jcr:isMixin = true
  Property: jcr:primaryType = nt:nodeType
Processing path: /jcr:system/jcr:nodeTypes/mix:language/jcr:propertyDefinition, node exists: true
createLuceneDocument returned null for path: /jcr:system/jcr:nodeTypes/mix:language/jcr:propertyDefinition
Processing chunk for /oak:index/damAssetLucene13 ts=0
Found 331 changes
Processing path: /, node exists: true
createLuceneDocument returned null for path: /
  Property: jcr:primaryType = rep:root
Processing path: /var, node exists: true
createLuceneDocument returned null for path: /var
Processing path: /var/oak, node exists: true
createLuceneDocument returned null for path: /var/oak
Processing path: /var/oak/indexing, node exists: true
createLuceneDocument returned null for path: /var/oak/indexing
Processing path: /var/oak/indexing/progress, node exists: true
createLuceneDocument returned null for path: /var/oak/indexing/progress
Processing path: /var/oak/indexing/progress/indexes, node exists: true
createLuceneDocument returned null for path: /var/oak/indexing/progress/indexes
Processing path: /var/oak/indexing/progress/indexes/searchIndex, node exists: true
createLuceneDocument returned null for path: /var/oak/indexing/progress/indexes/searchIndex
  Property: lastProcessedSerialNumber = 111
  Property: lastChunkCommit = 1764357574453
  Property: currentChunkEnd = 0
  Property: processingStarted = 0
  Property: lastProcessedTimestamp = 1764357574236
  Property: currentChunkStart = 0
  Property: indexPath = /oak:index/searchIndex
Processing path: /var/oak/indexing/progress/indexes/searchIndex/stats, node exists: true
createLuceneDocument returned null for path: /var/oak/indexing/progress/indexes/searchIndex/stats
  Property: averageChunkTime = 0
  Property: totalProcessed = 17
  Property: totalChunks = 1
  Property: lastChunkSize = 17
Processing path: /var/oak/indexing/progress/indexes/damAssetLucene13, node exists: true
createLuceneDocument returned null for path: /var/oak/indexing/progress/indexes/damAssetLucene13
  Property: lastProcessedSerialNumber = 0
  Property: lastChunkCommit = 0
  Property: currentChunkEnd = 0
  Property: processingStarted = 0
  Property: lastProcessedTimestamp = 0
  Property: currentChunkStart = 0
  Property: indexPath = /oak:index/damAssetLucene13
Processing path: /var/oak/indexing/progress/indexes/damAssetLucene13/stats, node exists: true
createLuceneDocument returned null for path: /var/oak/indexing/progress/indexes/damAssetLucene13/stats
  Property: averageChunkTime = 0
  Property: totalProcessed = 0
  Property: totalChunks = 0
  Property: lastChunkSize = 0
Processing path: /var/oak/indexing/progress/changeTracker, node exists: true
createLuceneDocument returned null for path: /var/oak/indexing/progress/changeTracker
Processing path: /jcr:system, node exists: true
createLuceneDocument returned null for path: /jcr:system
  Property: jcr:primaryType = rep:system
Processing path: /jcr:system/rep:namespaces, node exists: true
createLuceneDocument returned null for path: /jcr:system/rep:namespaces
  Property: dam = http://www.day.com/dam/1.0
  Property: sv = http://www.jcp.org/jcr/sv/1.0
  Property: nt = http://www.jcp.org/jcr/nt/1.0
  Property: xml = http://www.w3.org/XML/1998/namespace
  Property: jcr = http://www.jcp.org/jcr/1.0
  Property: oak = http://jackrabbit.apache.org/oak/ns/1.0
  Property: jcr:primaryType = rep:Unstructured
  Property: rep = internal
  Property: mix = http://www.jcp.org/jcr/mix/1.0
Processing path: /jcr:system/rep:namespaces/rep:nsdata, node exists: true
createLuceneDocument returned null for path: /jcr:system/rep:namespaces/rep:nsdata
  Property: internal = rep
  Property: http%3A%2F%2Fwww.w3.org%2FXML%2F1998%2Fnamespace = xml
  Property: http%3A%2F%2Fwww.jcp.org%2Fjcr%2F1.0 = jcr
Processing path: /jcr:system/jcr:activities, node exists: true
createLuceneDocument returned null for path: /jcr:system/jcr:activities
  Property: jcr:primaryType = rep:Activities
Processing path: /jcr:system/jcr:versionStorage, node exists: true
createLuceneDocument returned null for path: /jcr:system/jcr:versionStorage
  Property: jcr:primaryType = rep:versionStorage
Processing path: /jcr:system/jcr:nodeTypes, node exists: true
createLuceneDocument returned null for path: /jcr:system/jcr:nodeTypes
  Property: jcr:primaryType = rep:nodeTypes
Processing path: /jcr:system/jcr:nodeTypes/rep:Unstructured, node exists: true
createLuceneDocument returned null for path: /jcr:system/jcr:nodeTypes/rep:Unstructured
  Property: jcr:isQueryable = true
  Property: jcr:nodeTypeName = rep:Unstructured
Processing path: /jcr:system/jcr:nodeTypes/rep:Unstructured/jcr:propertyDefinition[2], node exists: true
createLuceneDocument returned null for path: /jcr:system/jcr:nodeTypes/rep:Unstructured/jcr:propertyDefinition[2]
Processing path: /jcr:system/jcr:nodeTypes/rep:Unstructured/jcr:childNodeDefinition, node exists: true
createLuceneDocument returned null for path: /jcr:system/jcr:nodeTypes/rep:Unstructured/jcr:childNodeDefinition
  Property: jcr:autoCreated = false
  Property: jcr:protected = false
  Property: jcr:onParentVersion = IGNORE
  Property: jcr:defaultPrimaryType = rep:Unstructured
  Property: jcr:primaryType = nt:childNodeDefinition
  Property: jcr:mandatory = false
  Property: jcr:sameNameSiblings = false
Processing path: /jcr:system/jcr:nodeTypes/rep:Unstructured/jcr:propertyDefinition, node exists: true
createLuceneDocument returned null for path: /jcr:system/jcr:nodeTypes/rep:Unstructured/jcr:propertyDefinition
Processing path: /jcr:system/jcr:nodeTypes/mix:language, node exists: true
createLuceneDocument returned null for path: /jcr:system/jcr:nodeTypes/mix:language
  Property: jcr:isQueryable = true
  Property: jcr:nodeTypeName = mix:language
  Property: jcr:isAbstract = false
  Property: jcr:hasOrderableChildNodes = false
  Property: jcr:isMixin = true
  Property: jcr:primaryType = nt:nodeType
Processing path: /jcr:system/jcr:nodeTypes/mix:language/jcr:propertyDefinition, node exists: true
createLuceneDocument returned null for path: /jcr:system/jcr:nodeTypes/mix:language/jcr:propertyDefinition
Processing chunk for /oak:index/searchIndex ts=1764357574236
Found 332 changes
Processing path: /jcr:system/jcr:nodeTypes/mix:language/jcr:propertyDefinition, node exists: true
createLuceneDocument returned null for path: /jcr:system/jcr:nodeTypes/mix:language/jcr:propertyDefinition
Processing chunk for /oak:index/damAssetLucene13 ts=1764357574236
Found 332 changes
Processing path: /jcr:system/jcr:nodeTypes/mix:language/jcr:propertyDefinition, node exists: true
createLuceneDocument returned null for path: /jcr:system/jcr:nodeTypes/mix:language/jcr:propertyDefinition
Processing chunk for /oak:index/deleteTestIndex ts=0
Found 320 changes
Processing path: /, node exists: true
createLuceneDocument returned null for path: /
  Property: jcr:primaryType = rep:root
Processing path: /deleteTest, node exists: true
createLuceneDocument returned null for path: /deleteTest
Processing path: /deleteTest/asset1, node exists: true
Indexed document for path: /deleteTest/asset1
Processing path: /deleteTest/asset1/jcr:content, node exists: true
createLuceneDocument returned null for path: /deleteTest/asset1/jcr:content
  Property: description = SecretKeyWord
  Property: jcr:primaryType = nt:unstructured
Processing path: /var, node exists: true
createLuceneDocument returned null for path: /var
Processing path: /var/oak, node exists: true
createLuceneDocument returned null for path: /var/oak
Processing path: /var/oak/indexing, node exists: true
createLuceneDocument returned null for path: /var/oak/indexing
Processing path: /var/oak/indexing/progress, node exists: true
createLuceneDocument returned null for path: /var/oak/indexing/progress
Processing path: /var/oak/indexing/progress/indexes, node exists: true
createLuceneDocument returned null for path: /var/oak/indexing/progress/indexes
Processing path: /var/oak/indexing/progress/indexes/deleteTestIndex, node exists: true
createLuceneDocument returned null for path: /var/oak/indexing/progress/indexes/deleteTestIndex
  Property: lastProcessedSerialNumber = 0
  Property: lastChunkCommit = 0
  Property: currentChunkEnd = 0
  Property: processingStarted = 0
  Property: lastProcessedTimestamp = 0
  Property: currentChunkStart = 0
  Property: indexPath = /oak:index/deleteTestIndex
Processing path: /var/oak/indexing/progress/indexes/deleteTestIndex/stats, node exists: true
createLuceneDocument returned null for path: /var/oak/indexing/progress/indexes/deleteTestIndex/stats
  Property: averageChunkTime = 0
  Property: totalProcessed = 0
  Property: totalChunks = 0
  Property: lastChunkSize = 0
Processing path: /var/oak/indexing/progress/changeTracker, node exists: true
createLuceneDocument returned null for path: /var/oak/indexing/progress/changeTracker
Processing path: /jcr:system, node exists: true
createLuceneDocument returned null for path: /jcr:system
  Property: jcr:primaryType = rep:system
Processing path: /jcr:system/rep:namespaces, node exists: true
createLuceneDocument returned null for path: /jcr:system/rep:namespaces
  Property: dam = http://www.day.com/dam/1.0
  Property: sv = http://www.jcp.org/jcr/sv/1.0
  Property: nt = http://www.jcp.org/jcr/nt/1.0
  Property: xml = http://www.w3.org/XML/1998/namespace
  Property: jcr = http://www.jcp.org/jcr/1.0
  Property: oak = http://jackrabbit.apache.org/oak/ns/1.0
  Property: jcr:primaryType = rep:Unstructured
  Property: rep = internal
  Property: mix = http://www.jcp.org/jcr/mix/1.0
Processing path: /jcr:system/rep:namespaces/rep:nsdata, node exists: true
createLuceneDocument returned null for path: /jcr:system/rep:namespaces/rep:nsdata
  Property: internal = rep
  Property: http%3A%2F%2Fwww.w3.org%2FXML%2F1998%2Fnamespace = xml
  Property: http%3A%2F%2Fwww.jcp.org%2Fjcr%2F1.0 = jcr
Processing path: /jcr:system/jcr:activities, node exists: true
createLuceneDocument returned null for path: /jcr:system/jcr:activities
  Property: jcr:primaryType = rep:Activities
Processing path: /jcr:system/jcr:versionStorage, node exists: true
createLuceneDocument returned null for path: /jcr:system/jcr:versionStorage
  Property: jcr:primaryType = rep:versionStorage
Processing path: /jcr:system/jcr:nodeTypes, node exists: true
createLuceneDocument returned null for path: /jcr:system/jcr:nodeTypes
  Property: jcr:primaryType = rep:nodeTypes
Processing path: /jcr:system/jcr:nodeTypes/rep:Unstructured, node exists: true
createLuceneDocument returned null for path: /jcr:system/jcr:nodeTypes/rep:Unstructured
  Property: jcr:isQueryable = true
  Property: jcr:nodeTypeName = rep:Unstructured
Processing path: /jcr:system/jcr:nodeTypes/rep:Unstructured/jcr:propertyDefinition[2], node exists: true
createLuceneDocument returned null for path: /jcr:system/jcr:nodeTypes/rep:Unstructured/jcr:propertyDefinition[2]
Processing path: /jcr:system/jcr:nodeTypes/rep:Unstructured/jcr:childNodeDefinition, node exists: true
createLuceneDocument returned null for path: /jcr:system/jcr:nodeTypes/rep:Unstructured/jcr:childNodeDefinition
  Property: jcr:autoCreated = false
  Property: jcr:protected = false
  Property: jcr:onParentVersion = IGNORE
  Property: jcr:defaultPrimaryType = rep:Unstructured
  Property: jcr:primaryType = nt:childNodeDefinition
  Property: jcr:mandatory = false
  Property: jcr:sameNameSiblings = false
Processing path: /jcr:system/jcr:nodeTypes/rep:Unstructured/jcr:propertyDefinition, node exists: true
createLuceneDocument returned null for path: /jcr:system/jcr:nodeTypes/rep:Unstructured/jcr:propertyDefinition
Processing path: /jcr:system/jcr:nodeTypes/mix:language, node exists: true
createLuceneDocument returned null for path: /jcr:system/jcr:nodeTypes/mix:language
  Property: jcr:isQueryable = true
  Property: jcr:nodeTypeName = mix:language
  Property: jcr:isAbstract = false
  Property: jcr:hasOrderableChildNodes = false
  Property: jcr:isMixin = true
  Property: jcr:primaryType = nt:nodeType
Processing path: /jcr:system/jcr:nodeTypes/mix:language/jcr:propertyDefinition, node exists: true
createLuceneDocument returned null for path: /jcr:system/jcr:nodeTypes/mix:language/jcr:propertyDefinition
Processing path: /jcr:system/jcr:nodeTypes/mix:etag, node exists: true
createLuceneDocument returned null for path: /jcr:system/jcr:nodeTypes/mix:etag
  Property: jcr:isQueryable = true
  Property: jcr:nodeTypeName = mix:etag
  Property: jcr:isAbstract = false
  Property: jcr:hasOrderableChildNodes = false
  Property: jcr:isMixin = true
  Property: jcr:primaryType = nt:nodeType
Processing path: /jcr:system/jcr:nodeTypes/mix:etag/jcr:propertyDefinition, node exists: true
createLuceneDocument returned null for path: /jcr:system/jcr:nodeTypes/mix:etag/jcr:propertyDefinition
Processing chunk for /oak:index/deleteTestIndex ts=1764357574664
Found 305 changes
Processing path: /jcr:system/jcr:nodeTypes/mix:etag/jcr:propertyDefinition, node exists: true
createLuceneDocument returned null for path: /jcr:system/jcr:nodeTypes/mix:etag/jcr:propertyDefinition
